Frame,Centroid_X,Centroid_Y,Movement_X (dX),Movement_Y (dY),Movement (pixels),Original_FPS,Playback_FPS,Actual_Playback_Time_s,Actual_FPS,Actual_Slowdown_Factor
0,213,161,0,0,0,226.6728732,30,23.42091322,30,7.555762439
1,213,161,0,0,0,226.6728732,30,23.42091322,30,7.555762439
2,213,161,0,0,0,226.6728732,30,23.42091322,30,7.555762439
3,213,161,0,0,0,226.6728732,30,23.42091322,30,7.555762439
4,213,161,0,0,0,226.6728732,30,23.42091322,30,7.555762439
5,213,161,0,0,0,226.6728732,30,23.42091322,30,7.555762439
6,213,161,0,0,0,226.6728732,30,23.42091322,30,7.555762439
7,213,161,0,0,0,226.6728732,30,23.42091322,30,7.555762439
8,213,161,0,0,0,226.6728732,30,23.42091322,30,7.555762439
9,213,161,0,0,0,226.6728732,30,23.42091322,30,7.555762439
10,213,161,0,0,0,226.6728732,30,23.42091322,30,7.555762439
11,213,161,0,0,0,226.6728732,30,23.42091322,30,7.555762439
12,213,161,0,0,0,226.6728732,30,23.42091322,30,7.555762439
13,213,161,0,0,0,226.6728732,30,23.42091322,30,7.555762439
14,213,161,0,0,0,226.6728732,30,23.42091322,30,7.555762439
15,213,161,0,0,0,226.6728732,30,23.42091322,30,7.555762439
16,213,161,0,0,0,226.6728732,30,23.42091322,30,7.555762439
17,213,161,0,0,0,226.6728732,30,23.42091322,30,7.555762439
18,213,161,0,0,0,226.6728732,30,23.42091322,30,7.555762439
19,213,161,0,0,0,226.6728732,30,23.42091322,30,7.555762439
20,213,161,0,0,0,226.6728732,30,23.42091322,30,7.555762439
21,213,161,0,0,0,226.6728732,30,23.42091322,30,7.555762439
22,213,161,0,0,0,226.6728732,30,23.42091322,30,7.555762439
23,213,161,0,0,0,226.6728732,30,23.42091322,30,7.555762439
24,212,161,-1,0,1,226.6728732,30,23.42091322,30,7.555762439
25,213,161,1,0,1,226.6728732,30,23.42091322,30,7.555762439
26,213,161,0,0,0,226.6728732,30,23.42091322,30,7.555762439
27,213,161,0,0,0,226.6728732,30,23.42091322,30,7.555762439
28,213,161,0,0,0,226.6728732,30,23.42091322,30,7.555762439
29,213,161,0,0,0,226.6728732,30,23.42091322,30,7.555762439
30,213,161,0,0,0,226.6728732,30,23.42091322,30,7.555762439
31,212,161,-1,0,1,226.6728732,30,23.42091322,30,7.555762439
32,213,161,1,0,1,226.6728732,30,23.42091322,30,7.555762439
33,213,161,0,0,0,226.6728732,30,23.42091322,30,7.555762439
34,213,161,0,0,0,226.6728732,30,23.42091322,30,7.555762439
35,213,161,0,0,0,226.6728732,30,23.42091322,30,7.555762439
36,213,161,0,0,0,226.6728732,30,23.42091322,30,7.555762439
37,213,161,0,0,0,226.6728732,30,23.42091322,30,7.555762439
38,213,161,0,0,0,226.6728732,30,23.42091322,30,7.555762439
39,213,161,0,0,0,226.6728732,30,23.42091322,30,7.555762439
40,213,161,0,0,0,226.6728732,30,23.42091322,30,7.555762439
41,213,161,0,0,0,226.6728732,30,23.42091322,30,7.555762439
42,213,161,0,0,0,226.6728732,30,23.42091322,30,7.555762439
43,213,161,0,0,0,226.6728732,30,23.42091322,30,7.555762439
44,213,161,0,0,0,226.6728732,30,23.42091322,30,7.555762439
45,213,161,0,0,0,226.6728732,30,23.42091322,30,7.555762439
46,213,161,0,0,0,226.6728732,30,23.42091322,30,7.555762439
47,213,161,0,0,0,226.6728732,30,23.42091322,30,7.555762439
48,213,161,0,0,0,226.6728732,30,23.42091322,30,7.555762439
49,213,161,0,0,0,226.6728732,30,23.42091322,30,7.555762439
50,213,161,0,0,0,226.6728732,30,23.42091322,30,7.555762439
51,213,161,0,0,0,226.6728732,30,23.42091322,30,7.555762439
52,213,161,0,0,0,226.6728732,30,23.42091322,30,7.555762439
53,213,161,0,0,0,226.6728732,30,23.42091322,30,7.555762439
54,213,161,0,0,0,226.6728732,30,23.42091322,30,7.555762439
55,213,161,0,0,0,226.6728732,30,23.42091322,30,7.555762439
56,213,161,0,0,0,226.6728732,30,23.42091322,30,7.555762439
57,213,161,0,0,0,226.6728732,30,23.42091322,30,7.555762439
58,213,161,0,0,0,226.6728732,30,23.42091322,30,7.555762439
59,213,161,0,0,0,226.6728732,30,23.42091322,30,7.555762439
60,213,161,0,0,0,226.6728732,30,23.42091322,30,7.555762439
61,213,161,0,0,0,226.6728732,30,23.42091322,30,7.555762439
62,213,161,0,0,0,226.6728732,30,23.42091322,30,7.555762439
63,213,161,0,0,0,226.6728732,30,23.42091322,30,7.555762439
64,213,161,0,0,0,226.6728732,30,23.42091322,30,7.555762439
65,213,161,0,0,0,226.6728732,30,23.42091322,30,7.555762439
66,213,161,0,0,0,226.6728732,30,23.42091322,30,7.555762439
67,213,161,0,0,0,226.6728732,30,23.42091322,30,7.555762439
68,213,161,0,0,0,226.6728732,30,23.42091322,30,7.555762439
69,213,161,0,0,0,226.6728732,30,23.42091322,30,7.555762439
70,212,161,-1,0,1,226.6728732,30,23.42091322,30,7.555762439
71,213,161,1,0,1,226.6728732,30,23.42091322,30,7.555762439
72,213,161,0,0,0,226.6728732,30,23.42091322,30,7.555762439
73,213,161,0,0,0,226.6728732,30,23.42091322,30,7.555762439
74,213,161,0,0,0,226.6728732,30,23.42091322,30,7.555762439
75,213,161,0,0,0,226.6728732,30,23.42091322,30,7.555762439
76,213,161,0,0,0,226.6728732,30,23.42091322,30,7.555762439
77,213,161,0,0,0,226.6728732,30,23.42091322,30,7.555762439
78,213,161,0,0,0,226.6728732,30,23.42091322,30,7.555762439
79,213,161,0,0,0,226.6728732,30,23.42091322,30,7.555762439
80,213,161,0,0,0,226.6728732,30,23.42091322,30,7.555762439
81,213,161,0,0,0,226.6728732,30,23.42091322,30,7.555762439
82,213,161,0,0,0,226.6728732,30,23.42091322,30,7.555762439
83,213,161,0,0,0,226.6728732,30,23.42091322,30,7.555762439
84,213,161,0,0,0,226.6728732,30,23.42091322,30,7.555762439
85,212,161,-1,0,1,226.6728732,30,23.42091322,30,7.555762439
86,213,161,1,0,1,226.6728732,30,23.42091322,30,7.555762439
87,213,161,0,0,0,226.6728732,30,23.42091322,30,7.555762439
88,213,161,0,0,0,226.6728732,30,23.42091322,30,7.555762439
89,213,161,0,0,0,226.6728732,30,23.42091322,30,7.555762439
90,213,161,0,0,0,226.6728732,30,23.42091322,30,7.555762439
91,213,161,0,0,0,226.6728732,30,23.42091322,30,7.555762439
92,213,161,0,0,0,226.6728732,30,23.42091322,30,7.555762439
93,213,161,0,0,0,226.6728732,30,23.42091322,30,7.555762439
94,213,161,0,0,0,226.6728732,30,23.42091322,30,7.555762439
95,213,161,0,0,0,226.6728732,30,23.42091322,30,7.555762439
96,213,161,0,0,0,226.6728732,30,23.42091322,30,7.555762439
97,213,161,0,0,0,226.6728732,30,23.42091322,30,7.555762439
98,213,161,0,0,0,226.6728732,30,23.42091322,30,7.555762439
99,213,161,0,0,0,226.6728732,30,23.42091322,30,7.555762439
100,213,161,0,0,0,226.6728732,30,23.42091322,30,7.555762439
101,213,161,0,0,0,226.6728732,30,23.42091322,30,7.555762439
102,213,161,0,0,0,226.6728732,30,23.42091322,30,7.555762439
103,213,161,0,0,0,226.6728732,30,23.42091322,30,7.555762439
104,213,161,0,0,0,226.6728732,30,23.42091322,30,7.555762439
105,213,161,0,0,0,226.6728732,30,23.42091322,30,7.555762439
106,213,161,0,0,0,226.6728732,30,23.42091322,30,7.555762439
107,213,161,0,0,0,226.6728732,30,23.42091322,30,7.555762439
108,213,161,0,0,0,226.6728732,30,23.42091322,30,7.555762439
109,213,161,0,0,0,226.6728732,30,23.42091322,30,7.555762439
110,213,161,0,0,0,226.6728732,30,23.42091322,30,7.555762439
111,213,161,0,0,0,226.6728732,30,23.42091322,30,7.555762439
112,213,161,0,0,0,226.6728732,30,23.42091322,30,7.555762439
113,213,161,0,0,0,226.6728732,30,23.42091322,30,7.555762439
114,213,161,0,0,0,226.6728732,30,23.42091322,30,7.555762439
115,213,161,0,0,0,226.6728732,30,23.42091322,30,7.555762439
116,213,161,0,0,0,226.6728732,30,23.42091322,30,7.555762439
117,213,161,0,0,0,226.6728732,30,23.42091322,30,7.555762439
118,213,161,0,0,0,226.6728732,30,23.42091322,30,7.555762439
119,213,161,0,0,0,226.6728732,30,23.42091322,30,7.555762439
120,213,161,0,0,0,226.6728732,30,23.42091322,30,7.555762439
121,213,161,0,0,0,226.6728732,30,23.42091322,30,7.555762439
122,213,161,0,0,0,226.6728732,30,23.42091322,30,7.555762439
123,213,161,0,0,0,226.6728732,30,23.42091322,30,7.555762439
124,213,161,0,0,0,226.6728732,30,23.42091322,30,7.555762439
125,213,161,0,0,0,226.6728732,30,23.42091322,30,7.555762439
126,212,161,-1,0,1,226.6728732,30,23.42091322,30,7.555762439
127,213,161,1,0,1,226.6728732,30,23.42091322,30,7.555762439
128,213,161,0,0,0,226.6728732,30,23.42091322,30,7.555762439
129,213,161,0,0,0,226.6728732,30,23.42091322,30,7.555762439
130,213,161,0,0,0,226.6728732,30,23.42091322,30,7.555762439
131,213,161,0,0,0,226.6728732,30,23.42091322,30,7.555762439
132,213,161,0,0,0,226.6728732,30,23.42091322,30,7.555762439
133,213,161,0,0,0,226.6728732,30,23.42091322,30,7.555762439
134,213,161,0,0,0,226.6728732,30,23.42091322,30,7.555762439
135,213,161,0,0,0,226.6728732,30,23.42091322,30,7.555762439
136,213,161,0,0,0,226.6728732,30,23.42091322,30,7.555762439
137,213,161,0,0,0,226.6728732,30,23.42091322,30,7.555762439
138,213,161,0,0,0,226.6728732,30,23.42091322,30,7.555762439
139,213,161,0,0,0,226.6728732,30,23.42091322,30,7.555762439
140,213,161,0,0,0,226.6728732,30,23.42091322,30,7.555762439
141,213,161,0,0,0,226.6728732,30,23.42091322,30,7.555762439
142,213,161,0,0,0,226.6728732,30,23.42091322,30,7.555762439
143,213,161,0,0,0,226.6728732,30,23.42091322,30,7.555762439
144,213,161,0,0,0,226.6728732,30,23.42091322,30,7.555762439
145,213,161,0,0,0,226.6728732,30,23.42091322,30,7.555762439
146,213,161,0,0,0,226.6728732,30,23.42091322,30,7.555762439
147,213,161,0,0,0,226.6728732,30,23.42091322,30,7.555762439
148,213,161,0,0,0,226.6728732,30,23.42091322,30,7.555762439
149,213,161,0,0,0,226.6728732,30,23.42091322,30,7.555762439
150,213,161,0,0,0,226.6728732,30,23.42091322,30,7.555762439
151,213,161,0,0,0,226.6728732,30,23.42091322,30,7.555762439
152,213,161,0,0,0,226.6728732,30,23.42091322,30,7.555762439
153,213,161,0,0,0,226.6728732,30,23.42091322,30,7.555762439
154,213,161,0,0,0,226.6728732,30,23.42091322,30,7.555762439
155,213,161,0,0,0,226.6728732,30,23.42091322,30,7.555762439
156,213,161,0,0,0,226.6728732,30,23.42091322,30,7.555762439
157,213,161,0,0,0,226.6728732,30,23.42091322,30,7.555762439
158,213,161,0,0,0,226.6728732,30,23.42091322,30,7.555762439
159,213,161,0,0,0,226.6728732,30,23.42091322,30,7.555762439
160,213,161,0,0,0,226.6728732,30,23.42091322,30,7.555762439
161,213,161,0,0,0,226.6728732,30,23.42091322,30,7.555762439
162,213,161,0,0,0,226.6728732,30,23.42091322,30,7.555762439
163,213,161,0,0,0,226.6728732,30,23.42091322,30,7.555762439
164,213,161,0,0,0,226.6728732,30,23.42091322,30,7.555762439
165,213,161,0,0,0,226.6728732,30,23.42091322,30,7.555762439
166,213,161,0,0,0,226.6728732,30,23.42091322,30,7.555762439
167,213,161,0,0,0,226.6728732,30,23.42091322,30,7.555762439
168,213,161,0,0,0,226.6728732,30,23.42091322,30,7.555762439
169,213,161,0,0,0,226.6728732,30,23.42091322,30,7.555762439
170,213,161,0,0,0,226.6728732,30,23.42091322,30,7.555762439
171,213,161,0,0,0,226.6728732,30,23.42091322,30,7.555762439
172,213,161,0,0,0,226.6728732,30,23.42091322,30,7.555762439
173,213,161,0,0,0,226.6728732,30,23.42091322,30,7.555762439
174,213,161,0,0,0,226.6728732,30,23.42091322,30,7.555762439
175,213,161,0,0,0,226.6728732,30,23.42091322,30,7.555762439
176,213,161,0,0,0,226.6728732,30,23.42091322,30,7.555762439
177,213,161,0,0,0,226.6728732,30,23.42091322,30,7.555762439
178,213,161,0,0,0,226.6728732,30,23.42091322,30,7.555762439
179,213,161,0,0,0,226.6728732,30,23.42091322,30,7.555762439
180,213,161,0,0,0,226.6728732,30,23.42091322,30,7.555762439
181,213,161,0,0,0,226.6728732,30,23.42091322,30,7.555762439
182,213,161,0,0,0,226.6728732,30,23.42091322,30,7.555762439
183,213,161,0,0,0,226.6728732,30,23.42091322,30,7.555762439
184,213,161,0,0,0,226.6728732,30,23.42091322,30,7.555762439
185,213,161,0,0,0,226.6728732,30,23.42091322,30,7.555762439
186,213,161,0,0,0,226.6728732,30,23.42091322,30,7.555762439
187,213,161,0,0,0,226.6728732,30,23.42091322,30,7.555762439
188,213,161,0,0,0,226.6728732,30,23.42091322,30,7.555762439
189,213,161,0,0,0,226.6728732,30,23.42091322,30,7.555762439
190,213,161,0,0,0,226.6728732,30,23.42091322,30,7.555762439
191,212,161,-1,0,1,226.6728732,30,23.42091322,30,7.555762439
192,213,161,1,0,1,226.6728732,30,23.42091322,30,7.555762439
193,213,161,0,0,0,226.6728732,30,23.42091322,30,7.555762439
194,213,161,0,0,0,226.6728732,30,23.42091322,30,7.555762439
195,213,161,0,0,0,226.6728732,30,23.42091322,30,7.555762439
196,213,161,0,0,0,226.6728732,30,23.42091322,30,7.555762439
197,213,161,0,0,0,226.6728732,30,23.42091322,30,7.555762439
198,213,161,0,0,0,226.6728732,30,23.42091322,30,7.555762439
199,213,161,0,0,0,226.6728732,30,23.42091322,30,7.555762439
200,213,161,0,0,0,226.6728732,30,23.42091322,30,7.555762439
201,212,161,-1,0,1,226.6728732,30,23.42091322,30,7.555762439
202,213,161,1,0,1,226.6728732,30,23.42091322,30,7.555762439
203,213,161,0,0,0,226.6728732,30,23.42091322,30,7.555762439
204,213,161,0,0,0,226.6728732,30,23.42091322,30,7.555762439
205,213,161,0,0,0,226.6728732,30,23.42091322,30,7.555762439
206,213,161,0,0,0,226.6728732,30,23.42091322,30,7.555762439
207,213,161,0,0,0,226.6728732,30,23.42091322,30,7.555762439
208,213,161,0,0,0,226.6728732,30,23.42091322,30,7.555762439
209,213,161,0,0,0,226.6728732,30,23.42091322,30,7.555762439
210,213,161,0,0,0,226.6728732,30,23.42091322,30,7.555762439
211,213,161,0,0,0,226.6728732,30,23.42091322,30,7.555762439
212,213,161,0,0,0,226.6728732,30,23.42091322,30,7.555762439
213,213,161,0,0,0,226.6728732,30,23.42091322,30,7.555762439
214,213,161,0,0,0,226.6728732,30,23.42091322,30,7.555762439
215,213,161,0,0,0,226.6728732,30,23.42091322,30,7.555762439
216,213,161,0,0,0,226.6728732,30,23.42091322,30,7.555762439
217,213,161,0,0,0,226.6728732,30,23.42091322,30,7.555762439
218,213,161,0,0,0,226.6728732,30,23.42091322,30,7.555762439
219,212,161,-1,0,1,226.6728732,30,23.42091322,30,7.555762439
220,213,161,1,0,1,226.6728732,30,23.42091322,30,7.555762439
221,213,161,0,0,0,226.6728732,30,23.42091322,30,7.555762439
222,213,161,0,0,0,226.6728732,30,23.42091322,30,7.555762439
223,213,161,0,0,0,226.6728732,30,23.42091322,30,7.555762439
224,213,161,0,0,0,226.6728732,30,23.42091322,30,7.555762439
225,212,161,-1,0,1,226.6728732,30,23.42091322,30,7.555762439
226,213,161,1,0,1,226.6728732,30,23.42091322,30,7.555762439
227,213,161,0,0,0,226.6728732,30,23.42091322,30,7.555762439
228,213,161,0,0,0,226.6728732,30,23.42091322,30,7.555762439
229,213,161,0,0,0,226.6728732,30,23.42091322,30,7.555762439
230,213,161,0,0,0,226.6728732,30,23.42091322,30,7.555762439
231,212,161,-1,0,1,226.6728732,30,23.42091322,30,7.555762439
232,213,161,1,0,1,226.6728732,30,23.42091322,30,7.555762439
233,213,161,0,0,0,226.6728732,30,23.42091322,30,7.555762439
234,213,161,0,0,0,226.6728732,30,23.42091322,30,7.555762439
235,213,161,0,0,0,226.6728732,30,23.42091322,30,7.555762439
236,213,161,0,0,0,226.6728732,30,23.42091322,30,7.555762439
237,213,161,0,0,0,226.6728732,30,23.42091322,30,7.555762439
238,213,161,0,0,0,226.6728732,30,23.42091322,30,7.555762439
239,213,161,0,0,0,226.6728732,30,23.42091322,30,7.555762439
240,212,161,-1,0,1,226.6728732,30,23.42091322,30,7.555762439
241,213,161,1,0,1,226.6728732,30,23.42091322,30,7.555762439
242,213,161,0,0,0,226.6728732,30,23.42091322,30,7.555762439
243,213,161,0,0,0,226.6728732,30,23.42091322,30,7.555762439
244,213,161,0,0,0,226.6728732,30,23.42091322,30,7.555762439
245,212,161,-1,0,1,226.6728732,30,23.42091322,30,7.555762439
246,213,161,1,0,1,226.6728732,30,23.42091322,30,7.555762439
247,213,161,0,0,0,226.6728732,30,23.42091322,30,7.555762439
248,213,161,0,0,0,226.6728732,30,23.42091322,30,7.555762439
249,213,161,0,0,0,226.6728732,30,23.42091322,30,7.555762439
250,213,161,0,0,0,226.6728732,30,23.42091322,30,7.555762439
251,213,161,0,0,0,226.6728732,30,23.42091322,30,7.555762439
252,213,161,0,0,0,226.6728732,30,23.42091322,30,7.555762439
253,213,161,0,0,0,226.6728732,30,23.42091322,30,7.555762439
254,213,161,0,0,0,226.6728732,30,23.42091322,30,7.555762439
255,213,161,0,0,0,226.6728732,30,23.42091322,30,7.555762439
256,213,161,0,0,0,226.6728732,30,23.42091322,30,7.555762439
257,213,161,0,0,0,226.6728732,30,23.42091322,30,7.555762439
258,213,161,0,0,0,226.6728732,30,23.42091322,30,7.555762439
259,213,161,0,0,0,226.6728732,30,23.42091322,30,7.555762439
260,213,161,0,0,0,226.6728732,30,23.42091322,30,7.555762439
261,213,161,0,0,0,226.6728732,30,23.42091322,30,7.555762439
262,213,161,0,0,0,226.6728732,30,23.42091322,30,7.555762439
263,213,161,0,0,0,226.6728732,30,23.42091322,30,7.555762439
264,213,161,0,0,0,226.6728732,30,23.42091322,30,7.555762439
265,213,161,0,0,0,226.6728732,30,23.42091322,30,7.555762439
266,213,161,0,0,0,226.6728732,30,23.42091322,30,7.555762439
267,213,161,0,0,0,226.6728732,30,23.42091322,30,7.555762439
268,213,161,0,0,0,226.6728732,30,23.42091322,30,7.555762439
269,213,161,0,0,0,226.6728732,30,23.42091322,30,7.555762439
270,213,161,0,0,0,226.6728732,30,23.42091322,30,7.555762439
271,213,161,0,0,0,226.6728732,30,23.42091322,30,7.555762439
272,213,161,0,0,0,226.6728732,30,23.42091322,30,7.555762439
273,213,161,0,0,0,226.6728732,30,23.42091322,30,7.555762439
274,213,161,0,0,0,226.6728732,30,23.42091322,30,7.555762439
275,213,161,0,0,0,226.6728732,30,23.42091322,30,7.555762439
276,213,161,0,0,0,226.6728732,30,23.42091322,30,7.555762439
277,213,161,0,0,0,226.6728732,30,23.42091322,30,7.555762439
278,213,161,0,0,0,226.6728732,30,23.42091322,30,7.555762439
279,213,161,0,0,0,226.6728732,30,23.42091322,30,7.555762439
280,213,161,0,0,0,226.6728732,30,23.42091322,30,7.555762439
281,213,161,0,0,0,226.6728732,30,23.42091322,30,7.555762439
282,213,161,0,0,0,226.6728732,30,23.42091322,30,7.555762439
283,213,161,0,0,0,226.6728732,30,23.42091322,30,7.555762439
284,213,161,0,0,0,226.6728732,30,23.42091322,30,7.555762439
285,213,161,0,0,0,226.6728732,30,23.42091322,30,7.555762439
286,213,161,0,0,0,226.6728732,30,23.42091322,30,7.555762439
287,213,161,0,0,0,226.6728732,30,23.42091322,30,7.555762439
288,212,161,-1,0,1,226.6728732,30,23.42091322,30,7.555762439
289,213,161,1,0,1,226.6728732,30,23.42091322,30,7.555762439
290,213,161,0,0,0,226.6728732,30,23.42091322,30,7.555762439
291,213,161,0,0,0,226.6728732,30,23.42091322,30,7.555762439
292,213,161,0,0,0,226.6728732,30,23.42091322,30,7.555762439
293,212,161,-1,0,1,226.6728732,30,23.42091322,30,7.555762439
294,212,161,0,0,0,226.6728732,30,23.42091322,30,7.555762439
295,213,161,1,0,1,226.6728732,30,23.42091322,30,7.555762439
296,213,161,0,0,0,226.6728732,30,23.42091322,30,7.555762439
297,213,161,0,0,0,226.6728732,30,23.42091322,30,7.555762439
298,213,161,0,0,0,226.6728732,30,23.42091322,30,7.555762439
299,213,161,0,0,0,226.6728732,30,23.42091322,30,7.555762439
300,213,161,0,0,0,226.6728732,30,23.42091322,30,7.555762439
301,213,161,0,0,0,226.6728732,30,23.42091322,30,7.555762439
302,213,161,0,0,0,226.6728732,30,23.42091322,30,7.555762439
303,213,161,0,0,0,226.6728732,30,23.42091322,30,7.555762439
304,213,161,0,0,0,226.6728732,30,23.42091322,30,7.555762439
305,213,161,0,0,0,226.6728732,30,23.42091322,30,7.555762439
306,213,161,0,0,0,226.6728732,30,23.42091322,30,7.555762439
307,213,161,0,0,0,226.6728732,30,23.42091322,30,7.555762439
308,212,161,-1,0,1,226.6728732,30,23.42091322,30,7.555762439
309,213,161,1,0,1,226.6728732,30,23.42091322,30,7.555762439
310,213,161,0,0,0,226.6728732,30,23.42091322,30,7.555762439
311,213,161,0,0,0,226.6728732,30,23.42091322,30,7.555762439
312,213,161,0,0,0,226.6728732,30,23.42091322,30,7.555762439
313,212,161,-1,0,1,226.6728732,30,23.42091322,30,7.555762439
314,213,161,1,0,1,226.6728732,30,23.42091322,30,7.555762439
315,213,161,0,0,0,226.6728732,30,23.42091322,30,7.555762439
316,213,161,0,0,0,226.6728732,30,23.42091322,30,7.555762439
317,213,161,0,0,0,226.6728732,30,23.42091322,30,7.555762439
318,213,161,0,0,0,226.6728732,30,23.42091322,30,7.555762439
319,213,161,0,0,0,226.6728732,30,23.42091322,30,7.555762439
320,213,161,0,0,0,226.6728732,30,23.42091322,30,7.555762439
321,213,161,0,0,0,226.6728732,30,23.42091322,30,7.555762439
322,213,161,0,0,0,226.6728732,30,23.42091322,30,7.555762439
323,213,161,0,0,0,226.6728732,30,23.42091322,30,7.555762439
324,213,161,0,0,0,226.6728732,30,23.42091322,30,7.555762439
325,213,161,0,0,0,226.6728732,30,23.42091322,30,7.555762439
326,213,161,0,0,0,226.6728732,30,23.42091322,30,7.555762439
327,213,161,0,0,0,226.6728732,30,23.42091322,30,7.555762439
328,213,161,0,0,0,226.6728732,30,23.42091322,30,7.555762439
329,213,161,0,0,0,226.6728732,30,23.42091322,30,7.555762439
330,213,161,0,0,0,226.6728732,30,23.42091322,30,7.555762439
331,213,161,0,0,0,226.6728732,30,23.42091322,30,7.555762439
332,213,161,0,0,0,226.6728732,30,23.42091322,30,7.555762439
333,213,161,0,0,0,226.6728732,30,23.42091322,30,7.555762439
334,213,161,0,0,0,226.6728732,30,23.42091322,30,7.555762439
335,213,161,0,0,0,226.6728732,30,23.42091322,30,7.555762439
336,213,161,0,0,0,226.6728732,30,23.42091322,30,7.555762439
337,213,161,0,0,0,226.6728732,30,23.42091322,30,7.555762439
338,213,161,0,0,0,226.6728732,30,23.42091322,30,7.555762439
339,213,161,0,0,0,226.6728732,30,23.42091322,30,7.555762439
340,213,161,0,0,0,226.6728732,30,23.42091322,30,7.555762439
341,213,161,0,0,0,226.6728732,30,23.42091322,30,7.555762439
342,213,161,0,0,0,226.6728732,30,23.42091322,30,7.555762439
343,213,161,0,0,0,226.6728732,30,23.42091322,30,7.555762439
344,213,161,0,0,0,226.6728732,30,23.42091322,30,7.555762439
345,213,161,0,0,0,226.6728732,30,23.42091322,30,7.555762439
346,212,161,-1,0,1,226.6728732,30,23.42091322,30,7.555762439
347,213,161,1,0,1,226.6728732,30,23.42091322,30,7.555762439
348,212,161,-1,0,1,226.6728732,30,23.42091322,30,7.555762439
349,213,161,1,0,1,226.6728732,30,23.42091322,30,7.555762439
350,213,161,0,0,0,226.6728732,30,23.42091322,30,7.555762439
351,213,161,0,0,0,226.6728732,30,23.42091322,30,7.555762439
352,213,161,0,0,0,226.6728732,30,23.42091322,30,7.555762439
353,213,161,0,0,0,226.6728732,30,23.42091322,30,7.555762439
354,213,161,0,0,0,226.6728732,30,23.42091322,30,7.555762439
355,213,161,0,0,0,226.6728732,30,23.42091322,30,7.555762439
356,213,161,0,0,0,226.6728732,30,23.42091322,30,7.555762439
357,213,161,0,0,0,226.6728732,30,23.42091322,30,7.555762439
358,213,161,0,0,0,226.6728732,30,23.42091322,30,7.555762439
359,213,161,0,0,0,226.6728732,30,23.42091322,30,7.555762439
360,213,161,0,0,0,226.6728732,30,23.42091322,30,7.555762439
361,213,161,0,0,0,226.6728732,30,23.42091322,30,7.555762439
362,213,161,0,0,0,226.6728732,30,23.42091322,30,7.555762439
363,213,161,0,0,0,226.6728732,30,23.42091322,30,7.555762439
364,213,161,0,0,0,226.6728732,30,23.42091322,30,7.555762439
365,213,161,0,0,0,226.6728732,30,23.42091322,30,7.555762439
366,213,161,0,0,0,226.6728732,30,23.42091322,30,7.555762439
367,213,161,0,0,0,226.6728732,30,23.42091322,30,7.555762439
368,213,161,0,0,0,226.6728732,30,23.42091322,30,7.555762439
369,213,161,0,0,0,226.6728732,30,23.42091322,30,7.555762439
370,213,161,0,0,0,226.6728732,30,23.42091322,30,7.555762439
371,213,161,0,0,0,226.6728732,30,23.42091322,30,7.555762439
372,213,161,0,0,0,226.6728732,30,23.42091322,30,7.555762439
373,213,161,0,0,0,226.6728732,30,23.42091322,30,7.555762439
374,213,161,0,0,0,226.6728732,30,23.42091322,30,7.555762439
375,213,161,0,0,0,226.6728732,30,23.42091322,30,7.555762439
376,213,161,0,0,0,226.6728732,30,23.42091322,30,7.555762439
377,213,161,0,0,0,226.6728732,30,23.42091322,30,7.555762439
378,213,161,0,0,0,226.6728732,30,23.42091322,30,7.555762439
379,213,161,0,0,0,226.6728732,30,23.42091322,30,7.555762439
380,213,161,0,0,0,226.6728732,30,23.42091322,30,7.555762439
381,213,161,0,0,0,226.6728732,30,23.42091322,30,7.555762439
382,212,161,-1,0,1,226.6728732,30,23.42091322,30,7.555762439
383,213,161,1,0,1,226.6728732,30,23.42091322,30,7.555762439
384,213,161,0,0,0,226.6728732,30,23.42091322,30,7.555762439
385,213,161,0,0,0,226.6728732,30,23.42091322,30,7.555762439
386,213,161,0,0,0,226.6728732,30,23.42091322,30,7.555762439
387,213,161,0,0,0,226.6728732,30,23.42091322,30,7.555762439
388,213,161,0,0,0,226.6728732,30,23.42091322,30,7.555762439
389,213,161,0,0,0,226.6728732,30,23.42091322,30,7.555762439
390,213,161,0,0,0,226.6728732,30,23.42091322,30,7.555762439
391,213,161,0,0,0,226.6728732,30,23.42091322,30,7.555762439
392,213,161,0,0,0,226.6728732,30,23.42091322,30,7.555762439
393,213,161,0,0,0,226.6728732,30,23.42091322,30,7.555762439
394,212,161,-1,0,1,226.6728732,30,23.42091322,30,7.555762439
395,213,161,1,0,1,226.6728732,30,23.42091322,30,7.555762439
396,213,161,0,0,0,226.6728732,30,23.42091322,30,7.555762439
397,213,161,0,0,0,226.6728732,30,23.42091322,30,7.555762439
398,213,161,0,0,0,226.6728732,30,23.42091322,30,7.555762439
399,213,161,0,0,0,226.6728732,30,23.42091322,30,7.555762439
400,213,161,0,0,0,226.6728732,30,23.42091322,30,7.555762439
401,213,161,0,0,0,226.6728732,30,23.42091322,30,7.555762439
402,213,161,0,0,0,226.6728732,30,23.42091322,30,7.555762439
403,213,161,0,0,0,226.6728732,30,23.42091322,30,7.555762439
404,213,161,0,0,0,226.6728732,30,23.42091322,30,7.555762439
405,213,161,0,0,0,226.6728732,30,23.42091322,30,7.555762439
406,213,161,0,0,0,226.6728732,30,23.42091322,30,7.555762439
407,213,161,0,0,0,226.6728732,30,23.42091322,30,7.555762439
408,213,161,0,0,0,226.6728732,30,23.42091322,30,7.555762439
409,213,161,0,0,0,226.6728732,30,23.42091322,30,7.555762439
410,213,161,0,0,0,226.6728732,30,23.42091322,30,7.555762439
411,213,161,0,0,0,226.6728732,30,23.42091322,30,7.555762439
412,213,161,0,0,0,226.6728732,30,23.42091322,30,7.555762439
413,213,161,0,0,0,226.6728732,30,23.42091322,30,7.555762439
414,213,161,0,0,0,226.6728732,30,23.42091322,30,7.555762439
415,213,161,0,0,0,226.6728732,30,23.42091322,30,7.555762439
416,213,161,0,0,0,226.6728732,30,23.42091322,30,7.555762439
417,213,161,0,0,0,226.6728732,30,23.42091322,30,7.555762439
418,213,161,0,0,0,226.6728732,30,23.42091322,30,7.555762439
419,213,161,0,0,0,226.6728732,30,23.42091322,30,7.555762439
420,213,161,0,0,0,226.6728732,30,23.42091322,30,7.555762439
421,213,161,0,0,0,226.6728732,30,23.42091322,30,7.555762439
422,213,161,0,0,0,226.6728732,30,23.42091322,30,7.555762439
423,213,161,0,0,0,226.6728732,30,23.42091322,30,7.555762439
424,213,161,0,0,0,226.6728732,30,23.42091322,30,7.555762439
425,213,161,0,0,0,226.6728732,30,23.42091322,30,7.555762439
426,213,161,0,0,0,226.6728732,30,23.42091322,30,7.555762439
427,213,161,0,0,0,226.6728732,30,23.42091322,30,7.555762439
428,213,161,0,0,0,226.6728732,30,23.42091322,30,7.555762439
429,213,161,0,0,0,226.6728732,30,23.42091322,30,7.555762439
430,213,161,0,0,0,226.6728732,30,23.42091322,30,7.555762439
431,213,161,0,0,0,226.6728732,30,23.42091322,30,7.555762439
432,213,161,0,0,0,226.6728732,30,23.42091322,30,7.555762439
433,213,161,0,0,0,226.6728732,30,23.42091322,30,7.555762439
434,213,161,0,0,0,226.6728732,30,23.42091322,30,7.555762439
435,213,161,0,0,0,226.6728732,30,23.42091322,30,7.555762439
436,213,161,0,0,0,226.6728732,30,23.42091322,30,7.555762439
437,213,161,0,0,0,226.6728732,30,23.42091322,30,7.555762439
438,213,161,0,0,0,226.6728732,30,23.42091322,30,7.555762439
439,213,161,0,0,0,226.6728732,30,23.42091322,30,7.555762439
440,213,161,0,0,0,226.6728732,30,23.42091322,30,7.555762439
441,213,161,0,0,0,226.6728732,30,23.42091322,30,7.555762439
442,213,161,0,0,0,226.6728732,30,23.42091322,30,7.555762439
443,213,161,0,0,0,226.6728732,30,23.42091322,30,7.555762439
444,213,161,0,0,0,226.6728732,30,23.42091322,30,7.555762439
445,213,161,0,0,0,226.6728732,30,23.42091322,30,7.555762439
446,213,161,0,0,0,226.6728732,30,23.42091322,30,7.555762439
447,213,161,0,0,0,226.6728732,30,23.42091322,30,7.555762439
448,213,161,0,0,0,226.6728732,30,23.42091322,30,7.555762439
449,213,161,0,0,0,226.6728732,30,23.42091322,30,7.555762439
450,213,161,0,0,0,226.6728732,30,23.42091322,30,7.555762439
451,213,161,0,0,0,226.6728732,30,23.42091322,30,7.555762439
452,213,161,0,0,0,226.6728732,30,23.42091322,30,7.555762439
453,213,161,0,0,0,226.6728732,30,23.42091322,30,7.555762439
454,213,161,0,0,0,226.6728732,30,23.42091322,30,7.555762439
455,213,161,0,0,0,226.6728732,30,23.42091322,30,7.555762439
456,213,161,0,0,0,226.6728732,30,23.42091322,30,7.555762439
457,213,161,0,0,0,226.6728732,30,23.42091322,30,7.555762439
458,213,161,0,0,0,226.6728732,30,23.42091322,30,7.555762439
459,213,161,0,0,0,226.6728732,30,23.42091322,30,7.555762439
460,213,161,0,0,0,226.6728732,30,23.42091322,30,7.555762439
461,213,161,0,0,0,226.6728732,30,23.42091322,30,7.555762439
462,213,161,0,0,0,226.6728732,30,23.42091322,30,7.555762439
463,213,161,0,0,0,226.6728732,30,23.42091322,30,7.555762439
464,213,161,0,0,0,226.6728732,30,23.42091322,30,7.555762439
465,213,161,0,0,0,226.6728732,30,23.42091322,30,7.555762439
466,213,161,0,0,0,226.6728732,30,23.42091322,30,7.555762439
467,213,161,0,0,0,226.6728732,30,23.42091322,30,7.555762439
468,213,161,0,0,0,226.6728732,30,23.42091322,30,7.555762439
469,213,161,0,0,0,226.6728732,30,23.42091322,30,7.555762439
470,213,161,0,0,0,226.6728732,30,23.42091322,30,7.555762439
471,213,161,0,0,0,226.6728732,30,23.42091322,30,7.555762439
472,213,161,0,0,0,226.6728732,30,23.42091322,30,7.555762439
473,212,161,-1,0,1,226.6728732,30,23.42091322,30,7.555762439
474,213,161,1,0,1,226.6728732,30,23.42091322,30,7.555762439
475,213,161,0,0,0,226.6728732,30,23.42091322,30,7.555762439
476,213,161,0,0,0,226.6728732,30,23.42091322,30,7.555762439
477,213,161,0,0,0,226.6728732,30,23.42091322,30,7.555762439
478,213,161,0,0,0,226.6728732,30,23.42091322,30,7.555762439
479,213,161,0,0,0,226.6728732,30,23.42091322,30,7.555762439
480,213,161,0,0,0,226.6728732,30,23.42091322,30,7.555762439
481,213,161,0,0,0,226.6728732,30,23.42091322,30,7.555762439
482,213,161,0,0,0,226.6728732,30,23.42091322,30,7.555762439
483,213,161,0,0,0,226.6728732,30,23.42091322,30,7.555762439
484,213,161,0,0,0,226.6728732,30,23.42091322,30,7.555762439
485,213,161,0,0,0,226.6728732,30,23.42091322,30,7.555762439
486,213,161,0,0,0,226.6728732,30,23.42091322,30,7.555762439
487,213,161,0,0,0,226.6728732,30,23.42091322,30,7.555762439
488,213,161,0,0,0,226.6728732,30,23.42091322,30,7.555762439
489,212,161,-1,0,1,226.6728732,30,23.42091322,30,7.555762439
490,213,161,1,0,1,226.6728732,30,23.42091322,30,7.555762439
491,213,161,0,0,0,226.6728732,30,23.42091322,30,7.555762439
492,213,161,0,0,0,226.6728732,30,23.42091322,30,7.555762439
493,213,161,0,0,0,226.6728732,30,23.42091322,30,7.555762439
494,213,161,0,0,0,226.6728732,30,23.42091322,30,7.555762439
495,213,161,0,0,0,226.6728732,30,23.42091322,30,7.555762439
496,213,161,0,0,0,226.6728732,30,23.42091322,30,7.555762439
497,212,161,-1,0,1,226.6728732,30,23.42091322,30,7.555762439
498,213,161,1,0,1,226.6728732,30,23.42091322,30,7.555762439
499,213,161,0,0,0,226.6728732,30,23.42091322,30,7.555762439
500,212,161,-1,0,1,226.6728732,30,23.42091322,30,7.555762439
501,213,161,1,0,1,226.6728732,30,23.42091322,30,7.555762439
502,213,161,0,0,0,226.6728732,30,23.42091322,30,7.555762439
503,213,161,0,0,0,226.6728732,30,23.42091322,30,7.555762439
504,213,161,0,0,0,226.6728732,30,23.42091322,30,7.555762439
505,213,161,0,0,0,226.6728732,30,23.42091322,30,7.555762439
506,213,161,0,0,0,226.6728732,30,23.42091322,30,7.555762439
507,213,161,0,0,0,226.6728732,30,23.42091322,30,7.555762439
508,213,161,0,0,0,226.6728732,30,23.42091322,30,7.555762439
509,213,161,0,0,0,226.6728732,30,23.42091322,30,7.555762439
510,213,161,0,0,0,226.6728732,30,23.42091322,30,7.555762439
511,213,161,0,0,0,226.6728732,30,23.42091322,30,7.555762439
512,213,161,0,0,0,226.6728732,30,23.42091322,30,7.555762439
513,213,161,0,0,0,226.6728732,30,23.42091322,30,7.555762439
514,213,161,0,0,0,226.6728732,30,23.42091322,30,7.555762439
515,213,161,0,0,0,226.6728732,30,23.42091322,30,7.555762439
516,213,161,0,0,0,226.6728732,30,23.42091322,30,7.555762439
517,213,161,0,0,0,226.6728732,30,23.42091322,30,7.555762439
518,213,161,0,0,0,226.6728732,30,23.42091322,30,7.555762439
519,213,161,0,0,0,226.6728732,30,23.42091322,30,7.555762439
520,213,161,0,0,0,226.6728732,30,23.42091322,30,7.555762439
521,213,161,0,0,0,226.6728732,30,23.42091322,30,7.555762439
522,213,161,0,0,0,226.6728732,30,23.42091322,30,7.555762439
523,213,161,0,0,0,226.6728732,30,23.42091322,30,7.555762439
524,213,161,0,0,0,226.6728732,30,23.42091322,30,7.555762439
525,213,161,0,0,0,226.6728732,30,23.42091322,30,7.555762439
526,213,161,0,0,0,226.6728732,30,23.42091322,30,7.555762439
527,212,161,-1,0,1,226.6728732,30,23.42091322,30,7.555762439
528,213,161,1,0,1,226.6728732,30,23.42091322,30,7.555762439
529,213,161,0,0,0,226.6728732,30,23.42091322,30,7.555762439
530,213,161,0,0,0,226.6728732,30,23.42091322,30,7.555762439
531,213,161,0,0,0,226.6728732,30,23.42091322,30,7.555762439
532,213,161,0,0,0,226.6728732,30,23.42091322,30,7.555762439
533,213,161,0,0,0,226.6728732,30,23.42091322,30,7.555762439
534,213,161,0,0,0,226.6728732,30,23.42091322,30,7.555762439
535,213,161,0,0,0,226.6728732,30,23.42091322,30,7.555762439
536,213,161,0,0,0,226.6728732,30,23.42091322,30,7.555762439
537,213,161,0,0,0,226.6728732,30,23.42091322,30,7.555762439
538,213,161,0,0,0,226.6728732,30,23.42091322,30,7.555762439
539,213,161,0,0,0,226.6728732,30,23.42091322,30,7.555762439
540,213,161,0,0,0,226.6728732,30,23.42091322,30,7.555762439
541,213,161,0,0,0,226.6728732,30,23.42091322,30,7.555762439
542,213,161,0,0,0,226.6728732,30,23.42091322,30,7.555762439
543,212,161,-1,0,1,226.6728732,30,23.42091322,30,7.555762439
544,213,161,1,0,1,226.6728732,30,23.42091322,30,7.555762439
545,213,161,0,0,0,226.6728732,30,23.42091322,30,7.555762439
546,213,161,0,0,0,226.6728732,30,23.42091322,30,7.555762439
547,213,161,0,0,0,226.6728732,30,23.42091322,30,7.555762439
548,213,161,0,0,0,226.6728732,30,23.42091322,30,7.555762439
549,213,161,0,0,0,226.6728732,30,23.42091322,30,7.555762439
550,213,161,0,0,0,226.6728732,30,23.42091322,30,7.555762439
551,213,161,0,0,0,226.6728732,30,23.42091322,30,7.555762439
552,213,161,0,0,0,226.6728732,30,23.42091322,30,7.555762439
553,213,161,0,0,0,226.6728732,30,23.42091322,30,7.555762439
554,213,161,0,0,0,226.6728732,30,23.42091322,30,7.555762439
555,213,161,0,0,0,226.6728732,30,23.42091322,30,7.555762439
556,213,161,0,0,0,226.6728732,30,23.42091322,30,7.555762439
557,213,161,0,0,0,226.6728732,30,23.42091322,30,7.555762439
558,213,161,0,0,0,226.6728732,30,23.42091322,30,7.555762439
559,213,161,0,0,0,226.6728732,30,23.42091322,30,7.555762439
560,213,161,0,0,0,226.6728732,30,23.42091322,30,7.555762439
561,213,161,0,0,0,226.6728732,30,23.42091322,30,7.555762439
562,213,161,0,0,0,226.6728732,30,23.42091322,30,7.555762439
563,213,161,0,0,0,226.6728732,30,23.42091322,30,7.555762439
564,213,161,0,0,0,226.6728732,30,23.42091322,30,7.555762439
565,213,161,0,0,0,226.6728732,30,23.42091322,30,7.555762439
566,212,161,-1,0,1,226.6728732,30,23.42091322,30,7.555762439
567,213,161,1,0,1,226.6728732,30,23.42091322,30,7.555762439
568,213,161,0,0,0,226.6728732,30,23.42091322,30,7.555762439
569,213,161,0,0,0,226.6728732,30,23.42091322,30,7.555762439
570,213,161,0,0,0,226.6728732,30,23.42091322,30,7.555762439
571,213,161,0,0,0,226.6728732,30,23.42091322,30,7.555762439
572,213,161,0,0,0,226.6728732,30,23.42091322,30,7.555762439
573,213,161,0,0,0,226.6728732,30,23.42091322,30,7.555762439
574,213,161,0,0,0,226.6728732,30,23.42091322,30,7.555762439
575,213,161,0,0,0,226.6728732,30,23.42091322,30,7.555762439
576,213,161,0,0,0,226.6728732,30,23.42091322,30,7.555762439
577,213,161,0,0,0,226.6728732,30,23.42091322,30,7.555762439
578,213,161,0,0,0,226.6728732,30,23.42091322,30,7.555762439
579,213,161,0,0,0,226.6728732,30,23.42091322,30,7.555762439
580,213,161,0,0,0,226.6728732,30,23.42091322,30,7.555762439
581,213,161,0,0,0,226.6728732,30,23.42091322,30,7.555762439
582,213,161,0,0,0,226.6728732,30,23.42091322,30,7.555762439
583,213,161,0,0,0,226.6728732,30,23.42091322,30,7.555762439
584,213,161,0,0,0,226.6728732,30,23.42091322,30,7.555762439
585,213,161,0,0,0,226.6728732,30,23.42091322,30,7.555762439
586,213,161,0,0,0,226.6728732,30,23.42091322,30,7.555762439
587,213,161,0,0,0,226.6728732,30,23.42091322,30,7.555762439
588,213,161,0,0,0,226.6728732,30,23.42091322,30,7.555762439
589,213,161,0,0,0,226.6728732,30,23.42091322,30,7.555762439
590,213,161,0,0,0,226.6728732,30,23.42091322,30,7.555762439
591,213,161,0,0,0,226.6728732,30,23.42091322,30,7.555762439
592,213,161,0,0,0,226.6728732,30,23.42091322,30,7.555762439
593,213,161,0,0,0,226.6728732,30,23.42091322,30,7.555762439
594,213,161,0,0,0,226.6728732,30,23.42091322,30,7.555762439
595,213,161,0,0,0,226.6728732,30,23.42091322,30,7.555762439
596,213,161,0,0,0,226.6728732,30,23.42091322,30,7.555762439
597,213,161,0,0,0,226.6728732,30,23.42091322,30,7.555762439
598,212,161,-1,0,1,226.6728732,30,23.42091322,30,7.555762439
599,213,161,1,0,1,226.6728732,30,23.42091322,30,7.555762439
600,213,161,0,0,0,226.6728732,30,23.42091322,30,7.555762439
601,213,161,0,0,0,226.6728732,30,23.42091322,30,7.555762439
602,213,161,0,0,0,226.6728732,30,23.42091322,30,7.555762439
603,213,161,0,0,0,226.6728732,30,23.42091322,30,7.555762439
604,213,161,0,0,0,226.6728732,30,23.42091322,30,7.555762439
605,213,161,0,0,0,226.6728732,30,23.42091322,30,7.555762439
606,213,161,0,0,0,226.6728732,30,23.42091322,30,7.555762439
607,213,161,0,0,0,226.6728732,30,23.42091322,30,7.555762439
608,213,161,0,0,0,226.6728732,30,23.42091322,30,7.555762439
609,213,161,0,0,0,226.6728732,30,23.42091322,30,7.555762439
610,213,161,0,0,0,226.6728732,30,23.42091322,30,7.555762439
611,213,161,0,0,0,226.6728732,30,23.42091322,30,7.555762439
612,213,161,0,0,0,226.6728732,30,23.42091322,30,7.555762439
613,213,161,0,0,0,226.6728732,30,23.42091322,30,7.555762439
614,212,161,-1,0,1,226.6728732,30,23.42091322,30,7.555762439
615,None,None,None,None,None,226.6728732,30,23.42091322,30,7.555762439
616,284,257,0,1,120,226.6728732,30,23.42091322,30,7.555762439
617,284,258,2,2,1,226.6728732,30,23.42091322,30,7.555762439
618,286,260,0,1,2.828427125,226.6728732,30,23.42091322,30,7.555762439
619,286,261,-1,-3,1,226.6728732,30,23.42091322,30,7.555762439
620,285,258,-141,-187,3.16227766,226.6728732,30,23.42091322,30,7.555762439
621,None,None,None,None,None,226.6728732,30,23.42091322,30,7.555762439
622,144,71,14,0,234.2007686,226.6728732,30,23.42091322,30,7.555762439
623,158,72,16,2,14.03566885,226.6728732,30,23.42091322,30,7.555762439
624,172,72,15,0,14,226.6728732,30,23.42091322,30,7.555762439
625,188,74,14,2,16.1245155,226.6728732,30,23.42091322,30,7.555762439
626,203,74,16,1,15,226.6728732,30,23.42091322,30,7.555762439
627,217,76,30,4,14.14213562,226.6728732,30,23.42091322,30,7.555762439
628,233,77,14,2,16.03121954,226.6728732,30,23.42091322,30,7.555762439
629,263,81,14,2,30.2654919,226.6728732,30,23.42091322,30,7.555762439
630,277,83,10,2,14.14213562,226.6728732,30,23.42091322,30,7.555762439
631,291,85,1,0,14.14213562,226.6728732,30,23.42091322,30,7.555762439
632,301,87,1,-1,10.19803903,226.6728732,30,23.42091322,30,7.555762439
633,302,87,-172,-27,1,226.6728732,30,23.42091322,30,7.555762439
634,303,86,24,3,1.414213562,226.6728732,30,23.42091322,30,7.555762439
635,None,None,None,None,None,226.6728732,30,23.42091322,30,7.555762439
636,131,59,14,2,174.1062894,226.6728732,30,23.42091322,30,7.555762439
637,155,62,15,1,24.18677324,226.6728732,30,23.42091322,30,7.555762439
638,166,63,12,2,11.04536102,226.6728732,30,23.42091322,30,7.555762439
639,180,65,14,2,14.14213562,226.6728732,30,23.42091322,30,7.555762439
640,195,66,13,3,15.03329638,226.6728732,30,23.42091322,30,7.555762439
641,207,68,28,4,12.16552506,226.6728732,30,23.42091322,30,7.555762439
642,221,70,13,2,14.14213562,226.6728732,30,23.42091322,30,7.555762439
643,234,73,12,2,13.34166406,226.6728732,30,23.42091322,30,7.555762439
644,262,77,12,2,28.28427125,226.6728732,30,23.42091322,30,7.555762439
645,275,79,3,0,13.15294644,226.6728732,30,23.42091322,30,7.555762439
646,287,81,1,0,12.16552506,226.6728732,30,23.42091322,30,7.555762439
647,299,83,1,0,12.16552506,226.6728732,30,23.42091322,30,7.555762439
648,302,83,-157,-25,3,226.6728732,30,23.42091322,30,7.555762439
649,303,83,11,0,1,226.6728732,30,23.42091322,30,7.555762439
650,304,83,13,2,1,226.6728732,30,23.42091322,30,7.555762439
651,None,None,None,None,None,226.6728732,30,23.42091322,30,7.555762439
652,147,58,15,2,158.9779859,226.6728732,30,23.42091322,30,7.555762439
653,158,58,12,3,11,226.6728732,30,23.42091322,30,7.555762439
654,171,60,14,2,13.15294644,226.6728732,30,23.42091322,30,7.555762439
655,184,62,14,2,13.15294644,226.6728732,30,23.42091322,30,7.555762439
656,199,64,27,4,15.13274595,226.6728732,30,23.42091322,30,7.555762439
657,211,67,13,2,12.36931688,226.6728732,30,23.42091322,30,7.555762439
658,225,69,12,2,14.14213562,226.6728732,30,23.42091322,30,7.555762439
659,239,71,10,2,14.14213562,226.6728732,30,23.42091322,30,7.555762439
660,266,75,2,0,27.29468813,226.6728732,30,23.42091322,30,7.555762439
661,279,77,0,1,13.15294644,226.6728732,30,23.42091322,30,7.555762439
662,291,79,2,1,12.16552506,226.6728732,30,23.42091322,30,7.555762439
663,301,81,-155,-27,10.19803903,226.6728732,30,23.42091322,30,7.555762439
664,303,81,11,1,2,226.6728732,30,23.42091322,30,7.555762439
665,303,82,14,2,1,226.6728732,30,23.42091322,30,7.555762439
666,305,83,13,2,2.236067977,226.6728732,30,23.42091322,30,7.555762439
667,None,None,None,None,None,226.6728732,30,23.42091322,30,7.555762439
668,150,56,12,2,157.3340395,226.6728732,30,23.42091322,30,7.555762439
669,161,57,14,2,11.04536102,226.6728732,30,23.42091322,30,7.555762439
670,175,59,27,5,14.14213562,226.6728732,30,23.42091322,30,7.555762439
671,188,61,13,2,13.15294644,226.6728732,30,23.42091322,30,7.555762439
672,203,64,13,2,15.29705854,226.6728732,30,23.42091322,30,7.555762439
673,215,66,12,2,12.16552506,226.6728732,30,23.42091322,30,7.555762439
674,229,68,8,1,14.14213562,226.6728732,30,23.42091322,30,7.555762439
675,256,73,1,0,27.45906044,226.6728732,30,23.42091322,30,7.555762439
676,269,75,1,1,13.15294644,226.6728732,30,23.42091322,30,7.555762439
677,282,77,-161,-22,13.15294644,226.6728732,30,23.42091322,30,7.555762439
678,294,79,10,1,12.16552506,226.6728732,30,23.42091322,30,7.555762439
679,302,80,11,2,8.062257748,226.6728732,30,23.42091322,30,7.555762439
680,303,80,15,2,1,226.6728732,30,23.42091322,30,7.555762439
681,304,81,14,2,1.414213562,226.6728732,30,23.42091322,30,7.555762439
682,None,None,None,None,None,226.6728732,30,23.42091322,30,7.555762439
683,143,59,13,2,162.4961538,226.6728732,30,23.42091322,30,7.555762439
684,153,60,27,5,10.04987562,226.6728732,30,23.42091322,30,7.555762439
685,164,62,14,2,11.18033989,226.6728732,30,23.42091322,30,7.555762439
686,179,64,12,3,15.13274595,226.6728732,30,23.42091322,30,7.555762439
687,193,66,13,1,14.14213562,226.6728732,30,23.42091322,30,7.555762439
688,206,68,12,3,13.15294644,226.6728732,30,23.42091322,30,7.555762439
689,219,70,5,0,13.15294644,226.6728732,30,23.42091322,30,7.555762439
690,246,75,1,1,27.45906044,226.6728732,30,23.42091322,30,7.555762439
691,260,77,-171,-24,14.14213562,226.6728732,30,23.42091322,30,7.555762439
692,272,80,12,3,12.36931688,226.6728732,30,23.42091322,30,7.555762439
693,285,81,12,2,13.03840481,226.6728732,30,23.42091322,30,7.555762439
694,297,84,11,2,12.36931688,226.6728732,30,23.42091322,30,7.555762439
695,302,84,15,1,5,226.6728732,30,23.42091322,30,7.555762439
696,303,85,15,3,1.414213562,226.6728732,30,23.42091322,30,7.555762439
697,None,None,None,None,None,226.6728732,30,23.42091322,30,7.555762439
698,132,61,14,2,172.6759972,226.6728732,30,23.42091322,30,7.555762439
699,144,64,13,2,12.36931688,226.6728732,30,23.42091322,30,7.555762439
700,156,66,14,2,12.16552506,226.6728732,30,23.42091322,30,7.555762439
701,167,68,13,3,11.18033989,226.6728732,30,23.42091322,30,7.555762439
702,182,69,12,2,15.03329638,226.6728732,30,23.42091322,30,7.555762439
703,197,72,11,2,15.29705854,226.6728732,30,23.42091322,30,7.555762439
704,222,76,3,0,25.3179778,226.6728732,30,23.42091322,30,7.555762439
705,236,78,-4,-3,14.14213562,226.6728732,30,23.42091322,30,7.555762439
706,249,80,-157,-18,13.15294644,226.6728732,30,23.42091322,30,7.555762439
707,263,82,7,1,14.14213562,226.6728732,30,23.42091322,30,7.555762439
708,276,85,10,2,13.34166406,226.6728732,30,23.42091322,30,7.555762439
709,288,87,28,5,12.16552506,226.6728732,30,23.42091322,30,7.555762439
710,299,89,14,2,11.18033989,226.6728732,30,23.42091322,30,7.555762439
711,302,89,12,1,3,226.6728732,30,23.42091322,30,7.555762439
712,298,86,13,2,5,226.6728732,30,23.42091322,30,7.555762439
713,None,None,None,None,None,226.6728732,30,23.42091322,30,7.555762439
714,141,68,27,5,158.0284784,226.6728732,30,23.42091322,30,7.555762439
715,148,69,13,2,7.071067812,226.6728732,30,23.42091322,30,7.555762439
716,158,71,12,2,10.19803903,226.6728732,30,23.42091322,30,7.555762439
717,186,76,9,2,28.44292531,226.6728732,30,23.42091322,30,7.555762439
718,200,78,1,0,14.14213562,226.6728732,30,23.42091322,30,7.555762439
719,212,79,1,0,12.04159458,226.6728732,30,23.42091322,30,7.555762439
720,225,81,-159,-20,13.15294644,226.6728732,30,23.42091322,30,7.555762439
721,239,83,8,0,14.14213562,226.6728732,30,23.42091322,30,7.555762439
722,266,88,11,2,27.45906044,226.6728732,30,23.42091322,30,7.555762439
723,279,90,14,3,13.15294644,226.6728732,30,23.42091322,30,7.555762439
724,291,92,13,2,12.16552506,226.6728732,30,23.42091322,30,7.555762439
725,300,94,13,2,9.219544457,226.6728732,30,23.42091322,30,7.555762439
726,301,94,27,4,1,226.6728732,30,23.42091322,30,7.555762439
727,302,94,13,2,1,226.6728732,30,23.42091322,30,7.555762439
728,None,None,None,None,None,226.6728732,30,23.42091322,30,7.555762439
729,143,74,14,3,160.2529251,226.6728732,30,23.42091322,30,7.555762439
730,151,74,12,2,8,226.6728732,30,23.42091322,30,7.555762439
731,162,76,12,2,11.18033989,226.6728732,30,23.42091322,30,7.555762439
732,176,79,6,1,14.31782106,226.6728732,30,23.42091322,30,7.555762439
733,189,81,2,1,13.15294644,226.6728732,30,23.42091322,30,7.555762439
734,202,83,-161,-22,13.15294644,226.6728732,30,23.42091322,30,7.555762439
735,229,87,13,3,27.29468813,226.6728732,30,23.42091322,30,7.555762439
736,242,89,12,1,13.15294644,226.6728732,30,23.42091322,30,7.555762439
737,256,91,13,2,14.14213562,226.6728732,30,23.42091322,30,7.555762439
738,270,94,14,3,14.31782106,226.6728732,30,23.42091322,30,7.555762439
739,282,96,26,3,12.16552506,226.6728732,30,23.42091322,30,7.555762439
740,294,98,13,2,12.16552506,226.6728732,30,23.42091322,30,7.555762439
741,300,99,14,3,6.08276253,226.6728732,30,23.42091322,30,7.555762439
742,302,100,13,2,2.236067977,226.6728732,30,23.42091322,30,7.555762439
743,None,None,None,None,None,226.6728732,30,23.42091322,30,7.555762439
744,None,None,None,None,None,226.6728732,30,23.42091322,30,7.555762439
745,141,78,11,2,162.4961538,226.6728732,30,23.42091322,30,7.555762439
746,154,81,4,1,13.34166406,226.6728732,30,23.42091322,30,7.555762439
747,166,82,1,-1,12.04159458,226.6728732,30,23.42091322,30,7.555762439
748,179,84,-166,-22,13.15294644,226.6728732,30,23.42091322,30,7.555762439
749,193,87,11,3,14.31782106,226.6728732,30,23.42091322,30,7.555762439
750,219,90,11,1,26.17250466,226.6728732,30,23.42091322,30,7.555762439
751,232,92,13,2,13.15294644,226.6728732,30,23.42091322,30,7.555762439
752,246,95,12,2,14.31782106,226.6728732,30,23.42091322,30,7.555762439
753,259,97,27,4,13.15294644,226.6728732,30,23.42091322,30,7.555762439
754,273,99,13,2,14.14213562,226.6728732,30,23.42091322,30,7.555762439
755,285,102,14,2,12.36931688,226.6728732,30,23.42091322,30,7.555762439
756,296,104,13,3,11.18033989,226.6728732,30,23.42091322,30,7.555762439
757,300,105,14,2,4.123105626,226.6728732,30,23.42091322,30,7.555762439
758,301,104,13,2,1.414213562,226.6728732,30,23.42091322,30,7.555762439
759,None,None,None,None,None,226.6728732,30,23.42091322,30,7.555762439
760,135,82,11,2,167.4514855,226.6728732,30,23.42091322,30,7.555762439
761,146,85,1,0,11.40175425,226.6728732,30,23.42091322,30,7.555762439
762,157,86,3,3,11.04536102,226.6728732,30,23.42091322,30,7.555762439
763,170,88,-162,-24,13.15294644,226.6728732,30,23.42091322,30,7.555762439
764,182,90,5,0,12.16552506,226.6728732,30,23.42091322,30,7.555762439
765,209,94,11,2,27.29468813,226.6728732,30,23.42091322,30,7.555762439
766,222,96,24,4,13.15294644,226.6728732,30,23.42091322,30,7.555762439
767,236,98,13,2,14.14213562,226.6728732,30,23.42091322,30,7.555762439
768,249,101,13,2,13.34166406,226.6728732,30,23.42091322,30,7.555762439
769,263,103,13,2,14.14213562,226.6728732,30,23.42091322,30,7.555762439
770,276,105,13,3,13.15294644,226.6728732,30,23.42091322,30,7.555762439
771,288,108,12,2,12.36931688,226.6728732,30,23.42091322,30,7.555762439
772,299,110,25,4,11.18033989,226.6728732,30,23.42091322,30,7.555762439
773,300,110,12,2,1,226.6728732,30,23.42091322,30,7.555762439
774,303,113,11,2,4.242640687,226.6728732,30,23.42091322,30,7.555762439
775,None,None,None,None,None,226.6728732,30,23.42091322,30,7.555762439
776,141,89,1,0,163.7681288,226.6728732,30,23.42091322,30,7.555762439
777,146,89,1,1,5,226.6728732,30,23.42091322,30,7.555762439
778,157,91,-161,-22,11.18033989,226.6728732,30,23.42091322,30,7.555762439
779,181,95,11,2,24.33105012,226.6728732,30,23.42091322,30,7.555762439
780,194,97,12,2,13.15294644,226.6728732,30,23.42091322,30,7.555762439
781,207,99,12,2,13.15294644,226.6728732,30,23.42091322,30,7.555762439
782,220,101,12,2,13.15294644,226.6728732,30,23.42091322,30,7.555762439
783,233,104,12,1,13.34166406,226.6728732,30,23.42091322,30,7.555762439
784,245,106,13,2,12.16552506,226.6728732,30,23.42091322,30,7.555762439
785,270,110,26,5,25.3179778,226.6728732,30,23.42091322,30,7.555762439
786,282,112,13,2,12.16552506,226.6728732,30,23.42091322,30,7.555762439
787,293,114,12,3,11.18033989,226.6728732,30,23.42091322,30,7.555762439
788,298,115,12,1,5.099019514,226.6728732,30,23.42091322,30,7.555762439
789,299,115,12,3,1,226.6728732,30,23.42091322,30,7.555762439
790,300,116,12,2,1.414213562,226.6728732,30,23.42091322,30,7.555762439
791,None,None,None,None,None,226.6728732,30,23.42091322,30,7.555762439
792,139,94,-1,-1,162.4961538,226.6728732,30,23.42091322,30,7.555762439
793,150,96,-155,-19,11.18033989,226.6728732,30,23.42091322,30,7.555762439
794,162,98,10,1,12.16552506,226.6728732,30,23.42091322,30,7.555762439
795,174,100,12,2,12.16552506,226.6728732,30,23.42091322,30,7.555762439
796,186,102,12,2,12.16552506,226.6728732,30,23.42091322,30,7.555762439
797,198,103,13,2,12.04159458,226.6728732,30,23.42091322,30,7.555762439
798,211,105,13,2,13.15294644,226.6728732,30,23.42091322,30,7.555762439
799,237,110,25,4,26.47640459,226.6728732,30,23.42091322,30,7.555762439
800,250,112,13,2,13.15294644,226.6728732,30,23.42091322,30,7.555762439
801,262,115,13,3,12.36931688,226.6728732,30,23.42091322,30,7.555762439
802,274,116,12,2,12.04159458,226.6728732,30,23.42091322,30,7.555762439
803,286,119,12,2,12.36931688,226.6728732,30,23.42091322,30,7.555762439
804,298,121,11,2,12.16552506,226.6728732,30,23.42091322,30,7.555762439
805,299,121,9,2,1,226.6728732,30,23.42091322,30,7.555762439
806,298,120,1,0,1.414213562,226.6728732,30,23.42091322,30,7.555762439
807,None,None,None,None,None,226.6728732,30,23.42091322,30,7.555762439
808,143,101,7,0,156.1601742,226.6728732,30,23.42091322,30,7.555762439
809,153,102,11,3,10.04987562,226.6728732,30,23.42091322,30,7.555762439
810,165,104,12,2,12.16552506,226.6728732,30,23.42091322,30,7.555762439
811,177,106,25,3,12.16552506,226.6728732,30,23.42091322,30,7.555762439
812,190,108,13,3,13.15294644,226.6728732,30,23.42091322,30,7.555762439
813,203,110,12,2,13.15294644,226.6728732,30,23.42091322,30,7.555762439
814,228,114,13,2,25.3179778,226.6728732,30,23.42091322,30,7.555762439
815,241,116,13,2,13.15294644,226.6728732,30,23.42091322,30,7.555762439
816,254,119,13,3,13.34166406,226.6728732,30,23.42091322,30,7.555762439
817,266,121,12,2,12.16552506,226.6728732,30,23.42091322,30,7.555762439
818,278,123,12,2,12.16552506,226.6728732,30,23.42091322,30,7.555762439
819,289,125,14,2,11.18033989,226.6728732,30,23.42091322,30,7.555762439
820,298,127,2,1,9.219544457,226.6728732,30,23.42091322,30,7.555762439
821,299,127,0,0,1,226.6728732,30,23.42091322,30,7.555762439
822,None,None,None,None,None,226.6728732,30,23.42091322,30,7.555762439
823,None,None,None,None,None,226.6728732,30,23.42091322,30,7.555762439
824,139,106,12,2,161.3722405,226.6728732,30,23.42091322,30,7.555762439
825,146,106,12,1,7,226.6728732,30,23.42091322,30,7.555762439
826,157,109,24,4,11.40175425,226.6728732,30,23.42091322,30,7.555762439
827,169,111,12,2,12.16552506,226.6728732,30,23.42091322,30,7.555762439
828,194,114,13,2,25.17935662,226.6728732,30,23.42091322,30,7.555762439
829,207,117,13,2,13.34166406,226.6728732,30,23.42091322,30,7.555762439
830,219,119,12,3,12.16552506,226.6728732,30,23.42091322,30,7.555762439
831,232,121,13,2,13.15294644,226.6728732,30,23.42091322,30,7.555762439
832,245,123,13,2,13.15294644,226.6728732,30,23.42091322,30,7.555762439
833,258,126,23,4,13.34166406,226.6728732,30,23.42091322,30,7.555762439
834,270,128,9,2,12.16552506,226.6728732,30,23.42091322,30,7.555762439
835,282,130,2,0,12.16552506,226.6728732,30,23.42091322,30,7.555762439
836,296,132,1,1,14.14213562,226.6728732,30,23.42091322,30,7.555762439
837,298,133,-5,-3,2.236067977,226.6728732,30,23.42091322,30,7.555762439
838,298,133,-149,-18,0,226.6728732,30,23.42091322,30,7.555762439
839,None,None,None,None,None,226.6728732,30,23.42091322,30,7.555762439
840,128,111,12,2,171.4176187,226.6728732,30,23.42091322,30,7.555762439
841,138,112,12,2,10.04987562,226.6728732,30,23.42091322,30,7.555762439
842,150,114,13,2,12.16552506,226.6728732,30,23.42091322,30,7.555762439
843,162,115,12,2,12.04159458,226.6728732,30,23.42091322,30,7.555762439
844,186,119,26,5,24.33105012,226.6728732,30,23.42091322,30,7.555762439
845,198,121,13,2,12.16552506,226.6728732,30,23.42091322,30,7.555762439
846,211,123,12,2,13.15294644,226.6728732,30,23.42091322,30,7.555762439
847,224,125,13,2,13.15294644,226.6728732,30,23.42091322,30,7.555762439
848,236,128,11,2,12.36931688,226.6728732,30,23.42091322,30,7.555762439
849,249,130,18,3,13.15294644,226.6728732,30,23.42091322,30,7.555762439
850,262,132,1,1,13.15294644,226.6728732,30,23.42091322,30,7.555762439
851,285,136,1,0,23.34523506,226.6728732,30,23.42091322,30,7.555762439
852,294,138,-151,-20,9.219544457,226.6728732,30,23.42091322,30,7.555762439
853,296,138,11,2,2,226.6728732,30,23.42091322,30,7.555762439
854,297,139,24,4,1.414213562,226.6728732,30,23.42091322,30,7.555762439
855,292,136,13,2,5.830951895,226.6728732,30,23.42091322,30,7.555762439
856,None,None,None,None,None,226.6728732,30,23.42091322,30,7.555762439
857,143,118,12,2,150.0833102,226.6728732,30,23.42091322,30,7.555762439
858,153,120,13,3,10.19803903,226.6728732,30,23.42091322,30,7.555762439
859,165,122,25,4,12.16552506,226.6728732,30,23.42091322,30,7.555762439
860,177,124,12,2,12.16552506,226.6728732,30,23.42091322,30,7.555762439
861,190,126,12,2,13.15294644,226.6728732,30,23.42091322,30,7.555762439
862,202,128,10,2,12.16552506,226.6728732,30,23.42091322,30,7.555762439
863,228,133,4,1,26.47640459,226.6728732,30,23.42091322,30,7.555762439
864,241,135,1,0,13.15294644,226.6728732,30,23.42091322,30,7.555762439
865,253,137,0,0,12.16552506,226.6728732,30,23.42091322,30,7.555762439
866,266,139,-169,-23,13.15294644,226.6728732,30,23.42091322,30,7.555762439
867,277,141,12,3,11.18033989,226.6728732,30,23.42091322,30,7.555762439
868,295,144,11,2,18.24828759,226.6728732,30,23.42091322,30,7.555762439
869,296,145,11,1,1.414213562,226.6728732,30,23.42091322,30,7.555762439
870,297,145,12,2,1,226.6728732,30,23.42091322,30,7.555762439
871,None,None,None,None,None,226.6728732,30,23.42091322,30,7.555762439
872,None,None,None,None,None,226.6728732,30,23.42091322,30,7.555762439
873,146,125,13,2,152.3187447,226.6728732,30,23.42091322,30,7.555762439
874,157,127,12,3,11.18033989,226.6728732,30,23.42091322,30,7.555762439
875,181,131,13,2,24.33105012,226.6728732,30,23.42091322,30,7.555762439
876,194,133,12,2,13.15294644,226.6728732,30,23.42091322,30,7.555762439
877,207,135,12,2,13.15294644,226.6728732,30,23.42091322,30,7.555762439
878,219,137,20,4,12.16552506,226.6728732,30,23.42091322,30,7.555762439
879,232,140,2,0,13.34166406,226.6728732,30,23.42091322,30,7.555762439
880,257,144,0,1,25.3179778,226.6728732,30,23.42091322,30,7.555762439
881,269,146,1,2,12.16552506,226.6728732,30,23.42091322,30,7.555762439
882,281,148,-159,-24,12.16552506,226.6728732,30,23.42091322,30,7.555762439
883,291,150,5,1,10.19803903,226.6728732,30,23.42091322,30,7.555762439
884,295,151,11,2,4.123105626,226.6728732,30,23.42091322,30,7.555762439
885,296,151,12,2,1,226.6728732,30,23.42091322,30,7.555762439
886,296,151,12,2,0,226.6728732,30,23.42091322,30,7.555762439
887,127,128,12,2,170.5579081,226.6728732,30,23.42091322,30,7.555762439
888,139,131,26,4,12.36931688,226.6728732,30,23.42091322,30,7.555762439
889,150,133,13,3,11.18033989,226.6728732,30,23.42091322,30,7.555762439
890,161,134,12,2,11.04536102,226.6728732,30,23.42091322,30,7.555762439
891,173,136,12,2,12.16552506,226.6728732,30,23.42091322,30,7.555762439
892,198,140,13,2,25.3179778,226.6728732,30,23.42091322,30,7.555762439
893,211,142,11,2,13.15294644,226.6728732,30,23.42091322,30,7.555762439
894,224,144,11,2,13.15294644,226.6728732,30,23.42091322,30,7.555762439
895,236,147,7,2,12.36931688,226.6728732,30,23.42091322,30,7.555762439
896,249,149,1,0,13.15294644,226.6728732,30,23.42091322,30,7.555762439
897,261,151,-161,-21,12.16552506,226.6728732,30,23.42091322,30,7.555762439
898,273,153,23,4,12.16552506,226.6728732,30,23.42091322,30,7.555762439
899,293,157,12,2,20.39607805,226.6728732,30,23.42091322,30,7.555762439
900,295,157,12,1,2,226.6728732,30,23.42091322,30,7.555762439
901,295,158,12,2,1,226.6728732,30,23.42091322,30,7.555762439
902,296,160,13,2,2.236067977,226.6728732,30,23.42091322,30,7.555762439
903,137,136,13,3,160.8011194,226.6728732,30,23.42091322,30,7.555762439
904,142,137,25,4,5.099019514,226.6728732,30,23.42091322,30,7.555762439
905,153,139,12,3,11.18033989,226.6728732,30,23.42091322,30,7.555762439
906,165,141,12,2,12.16552506,226.6728732,30,23.42091322,30,7.555762439
907,177,143,12,2,12.16552506,226.6728732,30,23.42091322,30,7.555762439
908,189,145,10,2,12.16552506,226.6728732,30,23.42091322,30,7.555762439
909,215,149,3,0,26.30589288,226.6728732,30,23.42091322,30,7.555762439
910,228,152,1,1,13.34166406,226.6728732,30,23.42091322,30,7.555762439
911,240,154,-165,-22,12.16552506,226.6728732,30,23.42091322,30,7.555762439
912,252,156,10,2,12.16552506,226.6728732,30,23.42091322,30,7.555762439
913,265,158,10,1,13.15294644,226.6728732,30,23.42091322,30,7.555762439
914,276,160,24,3,11.18033989,226.6728732,30,23.42091322,30,7.555762439
915,287,162,12,3,11.18033989,226.6728732,30,23.42091322,30,7.555762439
916,294,164,13,2,7.280109889,226.6728732,30,23.42091322,30,7.555762439
917,295,164,12,2,1,226.6728732,30,23.42091322,30,7.555762439
918,None,None,None,None,None,226.6728732,30,23.42091322,30,7.555762439
919,None,None,None,None,None,226.6728732,30,23.42091322,30,7.555762439
920,134,143,25,5,162.3637891,226.6728732,30,23.42091322,30,7.555762439
921,157,147,11,2,23.34523506,226.6728732,30,23.42091322,30,7.555762439
922,169,149,12,2,12.16552506,226.6728732,30,23.42091322,30,7.555762439
923,181,150,7,2,12.04159458,226.6728732,30,23.42091322,30,7.555762439
924,193,152,2,0,12.16552506,226.6728732,30,23.42091322,30,7.555762439
925,206,154,1,0,13.15294644,226.6728732,30,23.42091322,30,7.555762439
926,219,157,-159,-20,13.34166406,226.6728732,30,23.42091322,30,7.555762439
927,244,161,18,2,25.3179778,226.6728732,30,23.42091322,30,7.555762439
928,256,164,12,2,12.36931688,226.6728732,30,23.42091322,30,7.555762439
929,268,166,12,2,12.16552506,226.6728732,30,23.42091322,30,7.555762439
930,280,168,12,2,12.16552506,226.6728732,30,23.42091322,30,7.555762439
931,290,170,13,2,10.19803903,226.6728732,30,23.42091322,30,7.555762439
932,293,170,13,3,3,226.6728732,30,23.42091322,30,7.555762439
933,294,171,12,2,1.414213562,226.6728732,30,23.42091322,30,7.555762439
934,None,None,None,None,None,226.6728732,30,23.42091322,30,7.555762439
935,129,149,12,2,166.4602055,226.6728732,30,23.42091322,30,7.555762439
936,139,151,12,3,10.19803903,226.6728732,30,23.42091322,30,7.555762439
937,149,152,11,2,10.04987562,226.6728732,30,23.42091322,30,7.555762439
938,173,155,5,0,24.18677324,226.6728732,30,23.42091322,30,7.555762439
939,185,158,1,1,12.36931688,226.6728732,30,23.42091322,30,7.555762439
940,198,160,-169,-22,13.15294644,226.6728732,30,23.42091322,30,7.555762439
941,210,162,10,1,12.16552506,226.6728732,30,23.42091322,30,7.555762439
942,223,164,12,2,13.15294644,226.6728732,30,23.42091322,30,7.555762439
943,236,166,11,2,13.15294644,226.6728732,30,23.42091322,30,7.555762439
944,261,171,12,2,25.49509757,226.6728732,30,23.42091322,30,7.555762439
945,272,173,12,1,11.18033989,226.6728732,30,23.42091322,30,7.555762439
946,284,175,12,2,12.16552506,226.6728732,30,23.42091322,30,7.555762439
947,291,177,26,5,7.280109889,226.6728732,30,23.42091322,30,7.555762439
948,293,177,12,2,2,226.6728732,30,23.42091322,30,7.555762439
949,294,177,13,2,1,226.6728732,30,23.42091322,30,7.555762439
950,None,None,None,None,None,226.6728732,30,23.42091322,30,7.555762439
951,None,None,None,None,None,226.6728732,30,23.42091322,30,7.555762439
952,135,157,12,2,160.2529251,226.6728732,30,23.42091322,30,7.555762439
953,153,159,9,2,18.11077028,226.6728732,30,23.42091322,30,7.555762439
954,165,161,3,1,12.16552506,226.6728732,30,23.42091322,30,7.555762439
955,177,163,-3,-3,12.16552506,226.6728732,30,23.42091322,30,7.555762439
956,189,165,-157,-19,12.16552506,226.6728732,30,23.42091322,30,7.555762439
957,202,167,7,1,13.15294644,226.6728732,30,23.42091322,30,7.555762439
958,215,170,10,2,13.34166406,226.6728732,30,23.42091322,30,7.555762439
959,227,172,24,4,12.16552506,226.6728732,30,23.42091322,30,7.555762439
960,252,176,12,2,25.3179778,226.6728732,30,23.42091322,30,7.555762439
961,264,178,13,2,12.16552506,226.6728732,30,23.42091322,30,7.555762439
962,276,181,12,2,12.36931688,226.6728732,30,23.42091322,30,7.555762439
963,287,183,13,3,11.18033989,226.6728732,30,23.42091322,30,7.555762439
964,292,183,13,2,5,226.6728732,30,23.42091322,30,7.555762439
965,293,184,12,2,1.414213562,226.6728732,30,23.42091322,30,7.555762439
966,None,None,None,None,None,226.6728732,30,23.42091322,30,7.555762439
967,124,162,23,5,170.425937,226.6728732,30,23.42091322,30,7.555762439
968,134,163,7,1,10.04987562,226.6728732,30,23.42091322,30,7.555762439
969,146,165,1,0,12.16552506,226.6728732,30,23.42091322,30,7.555762439
970,157,167,1,0,11.18033989,226.6728732,30,23.42091322,30,7.555762439
971,169,169,-151,-19,12.16552506,226.6728732,30,23.42091322,30,7.555762439
972,181,170,12,2,12.04159458,226.6728732,30,23.42091322,30,7.555762439
973,193,172,12,2,12.16552506,226.6728732,30,23.42091322,30,7.555762439
974,219,177,12,2,26.47640459,226.6728732,30,23.42091322,30,7.555762439
975,231,179,12,1,12.16552506,226.6728732,30,23.42091322,30,7.555762439
976,244,181,13,3,13.15294644,226.6728732,30,23.42091322,30,7.555762439
977,256,184,12,2,12.36931688,226.6728732,30,23.42091322,30,7.555762439
978,268,186,26,4,12.16552506,226.6728732,30,23.42091322,30,7.555762439
979,280,188,12,3,12.16552506,226.6728732,30,23.42091322,30,7.555762439
980,289,190,12,2,9.219544457,226.6728732,30,23.42091322,30,7.555762439
981,292,191,12,2,3.16227766,226.6728732,30,23.42091322,30,7.555762439
982,289,188,10,2,4.242640687,226.6728732,30,23.42091322,30,7.555762439
983,None,None,None,None,None,226.6728732,30,23.42091322,30,7.555762439
984,132,169,1,0,158.1455026,226.6728732,30,23.42091322,30,7.555762439
985,139,170,-168,-23,7.071067812,226.6728732,30,23.42091322,30,7.555762439
986,149,172,11,3,10.19803903,226.6728732,30,23.42091322,30,7.555762439
987,173,176,12,2,24.33105012,226.6728732,30,23.42091322,30,7.555762439
988,185,178,11,1,12.16552506,226.6728732,30,23.42091322,30,7.555762439
989,198,180,11,2,13.15294644,226.6728732,30,23.42091322,30,7.555762439
990,210,182,13,2,12.16552506,226.6728732,30,23.42091322,30,7.555762439
991,223,185,25,4,13.34166406,226.6728732,30,23.42091322,30,7.555762439
992,236,187,13,3,13.15294644,226.6728732,30,23.42091322,30,7.555762439
993,248,189,12,2,12.16552506,226.6728732,30,23.42091322,30,7.555762439
994,260,191,13,2,12.16552506,226.6728732,30,23.42091322,30,7.555762439
995,283,196,24,5,23.53720459,226.6728732,30,23.42091322,30,7.555762439
996,290,197,11,2,7.071067812,226.6728732,30,23.42091322,30,7.555762439
997,291,197,10,2,1,226.6728732,30,23.42091322,30,7.555762439
998,292,197,1,0,1,226.6728732,30,23.42091322,30,7.555762439
999,None,None,None,None,None,226.6728732,30,23.42091322,30,7.555762439
1000,None,None,None,None,None,226.6728732,30,23.42091322,30,7.555762439
1001,141,178,5,0,152.1906699,226.6728732,30,23.42091322,30,7.555762439
1002,153,180,10,2,12.16552506,226.6728732,30,23.42091322,30,7.555762439
1003,165,182,24,5,12.16552506,226.6728732,30,23.42091322,30,7.555762439
1004,177,184,12,1,12.16552506,226.6728732,30,23.42091322,30,7.555762439
1005,189,185,13,2,12.04159458,226.6728732,30,23.42091322,30,7.555762439
1006,202,188,13,3,13.34166406,226.6728732,30,23.42091322,30,7.555762439
1007,214,190,13,2,12.16552506,226.6728732,30,23.42091322,30,7.555762439
1008,240,194,13,2,26.30589288,226.6728732,30,23.42091322,30,7.555762439
1009,252,197,12,3,12.36931688,226.6728732,30,23.42091322,30,7.555762439
1010,264,199,24,4,12.16552506,226.6728732,30,23.42091322,30,7.555762439
1011,276,201,10,2,12.16552506,226.6728732,30,23.42091322,30,7.555762439
1012,286,203,6,1,10.19803903,226.6728732,30,23.42091322,30,7.555762439
1013,290,204,1,1,4.123105626,226.6728732,30,23.42091322,30,7.555762439
1014,291,204,1,0,1,226.6728732,30,23.42091322,30,7.555762439
1015,None,None,None,None,None,226.6728732,30,23.42091322,30,7.555762439
1016,123,181,12,1,169.5670959,226.6728732,30,23.42091322,30,7.555762439
1017,134,184,12,2,11.40175425,226.6728732,30,23.42091322,30,7.555762439
1018,146,186,11,1,12.16552506,226.6728732,30,23.42091322,30,7.555762439
1019,157,187,13,2,11.04536102,226.6728732,30,23.42091322,30,7.555762439
1020,168,189,13,3,11.18033989,226.6728732,30,23.42091322,30,7.555762439
1021,181,191,13,2,13.15294644,226.6728732,30,23.42091322,30,7.555762439
1022,206,195,25,5,25.3179778,226.6728732,30,23.42091322,30,7.555762439
1023,219,198,12,2,13.34166406,226.6728732,30,23.42091322,30,7.555762439
1024,231,200,12,2,12.16552506,226.6728732,30,23.42091322,30,7.555762439
1025,244,202,11,2,13.15294644,226.6728732,30,23.42091322,30,7.555762439
1026,268,207,10,2,24.51530134,226.6728732,30,23.42091322,30,7.555762439
1027,279,209,4,1,11.18033989,226.6728732,30,23.42091322,30,7.555762439
1028,289,211,0,0,10.19803903,226.6728732,30,23.42091322,30,7.555762439
1029,290,211,-165,-22,1,226.6728732,30,23.42091322,30,7.555762439
1030,285,210,11,2,5.099019514,226.6728732,30,23.42091322,30,7.555762439
1031,133,190,10,2,153.3101432,226.6728732,30,23.42091322,30,7.555762439
1032,138,190,23,3,5,226.6728732,30,23.42091322,30,7.555762439
1033,148,192,12,1,10.19803903,226.6728732,30,23.42091322,30,7.555762439
1034,172,197,13,3,24.51530134,226.6728732,30,23.42091322,30,7.555762439
1035,184,198,14,2,12.04159458,226.6728732,30,23.42091322,30,7.555762439
1036,197,200,12,3,13.15294644,226.6728732,30,23.42091322,30,7.555762439
1037,210,203,12,2,13.34166406,226.6728732,30,23.42091322,30,7.555762439
1038,223,205,13,2,13.15294644,226.6728732,30,23.42091322,30,7.555762439
1039,236,207,24,5,13.15294644,226.6728732,30,23.42091322,30,7.555762439
1040,248,210,10,2,12.36931688,226.6728732,30,23.42091322,30,7.555762439
1041,272,214,8,2,24.33105012,226.6728732,30,23.42091322,30,7.555762439
1042,282,216,1,0,10.19803903,226.6728732,30,23.42091322,30,7.555762439
1043,288,217,1,0,6.08276253,226.6728732,30,23.42091322,30,7.555762439
1044,289,218,-151,-21,1.414213562,226.6728732,30,23.42091322,30,7.555762439
1045,290,218,12,3,1,226.6728732,30,23.42091322,30,7.555762439
1046,None,None,None,None,None,226.6728732,30,23.42091322,30,7.555762439
1047,None,None,None,None,None,226.6728732,30,23.42091322,30,7.555762439
1048,141,199,13,3,150.2065245,226.6728732,30,23.42091322,30,7.555762439
1049,153,200,14,2,12.04159458,226.6728732,30,23.42091322,30,7.555762439
1050,165,202,13,2,12.16552506,226.6728732,30,23.42091322,30,7.555762439
1051,176,203,24,5,11.04536102,226.6728732,30,23.42091322,30,7.555762439
1052,189,205,13,2,13.15294644,226.6728732,30,23.42091322,30,7.555762439
1053,202,208,12,2,13.34166406,226.6728732,30,23.42091322,30,7.555762439
1054,215,210,11,2,13.15294644,226.6728732,30,23.42091322,30,7.555762439
1055,240,215,10,2,25.49509757,226.6728732,30,23.42091322,30,7.555762439
1056,252,217,5,1,12.16552506,226.6728732,30,23.42091322,30,7.555762439
1057,264,219,1,1,12.16552506,226.6728732,30,23.42091322,30,7.555762439
1058,275,221,-168,-22,11.18033989,226.6728732,30,23.42091322,30,7.555762439
1059,285,223,10,0,10.19803903,226.6728732,30,23.42091322,30,7.555762439
1060,289,224,12,3,4.123105626,226.6728732,30,23.42091322,30,7.555762439
1061,289,224,12,1,0,226.6728732,30,23.42091322,30,7.555762439
1062,None,None,None,None,None,226.6728732,30,23.42091322,30,7.555762439
1063,124,202,10,3,166.4602055,226.6728732,30,23.42091322,30,7.555762439
1064,135,204,13,2,11.18033989,226.6728732,30,23.42091322,30,7.555762439
1065,145,206,14,2,10.19803903,226.6728732,30,23.42091322,30,7.555762439
1066,168,209,25,4,23.19482701,226.6728732,30,23.42091322,30,7.555762439
1067,180,210,13,2,12.04159458,226.6728732,30,23.42091322,30,7.555762439
1068,193,213,12,2,13.34166406,226.6728732,30,23.42091322,30,7.555762439
1069,207,215,11,2,14.14213562,226.6728732,30,23.42091322,30,7.555762439
1070,219,218,12,3,12.36931688,226.6728732,30,23.42091322,30,7.555762439
1071,231,220,9,1,12.16552506,226.6728732,30,23.42091322,30,7.555762439
1072,244,222,2,1,13.15294644,226.6728732,30,23.42091322,30,7.555762439
1073,268,227,1,0,24.51530134,226.6728732,30,23.42091322,30,7.555762439
1074,278,229,-160,-21,10.19803903,226.6728732,30,23.42091322,30,7.555762439
1075,286,231,8,1,8.246211251,226.6728732,30,23.42091322,30,7.555762439
1076,287,231,10,1,1,226.6728732,30,23.42091322,30,7.555762439
1077,288,231,11,2,1,226.6728732,30,23.42091322,30,7.555762439
1078,None,None,None,None,None,226.6728732,30,23.42091322,30,7.555762439
1079,None,None,None,None,None,226.6728732,30,23.42091322,30,7.555762439
1080,137,210,26,5,152.4532715,226.6728732,30,23.42091322,30,7.555762439
1081,149,213,12,1,12.36931688,226.6728732,30,23.42091322,30,7.555762439
1082,161,215,13,2,12.16552506,226.6728732,30,23.42091322,30,7.555762439
1083,171,216,13,2,10.04987562,226.6728732,30,23.42091322,30,7.555762439
1084,184,219,12,3,13.34166406,226.6728732,30,23.42091322,30,7.555762439
1085,198,221,11,2,14.14213562,226.6728732,30,23.42091322,30,7.555762439
1086,211,223,11,2,13.15294644,226.6728732,30,23.42091322,30,7.555762439
1087,235,228,6,1,24.51530134,226.6728732,30,23.42091322,30,7.555762439
1088,248,230,2,1,13.15294644,226.6728732,30,23.42091322,30,7.555762439
1089,260,232,-157,-21,12.16552506,226.6728732,30,23.42091322,30,7.555762439
1090,271,234,8,0,11.18033989,226.6728732,30,23.42091322,30,7.555762439
1091,281,236,12,3,10.19803903,226.6728732,30,23.42091322,30,7.555762439
1092,286,237,12,2,5.099019514,226.6728732,30,23.42091322,30,7.555762439
1093,287,238,11,2,1.414213562,226.6728732,30,23.42091322,30,7.555762439
1094,None,None,None,None,None,226.6728732,30,23.42091322,30,7.555762439
1095,119,216,12,2,169.4343531,226.6728732,30,23.42091322,30,7.555762439
1096,129,216,12,2,10,226.6728732,30,23.42091322,30,7.555762439
1097,141,219,13,2,12.36931688,226.6728732,30,23.42091322,30,7.555762439
1098,153,220,13,3,12.04159458,226.6728732,30,23.42091322,30,7.555762439
1099,165,222,11,2,12.16552506,226.6728732,30,23.42091322,30,7.555762439
1100,175,225,12,2,10.44030651,226.6728732,30,23.42091322,30,7.555762439
1101,188,227,9,2,13.15294644,226.6728732,30,23.42091322,30,7.555762439
1102,202,229,4,1,14.14213562,226.6728732,30,23.42091322,30,7.555762439
1103,227,233,2,0,25.3179778,226.6728732,30,23.42091322,30,7.555762439
1104,240,235,-167,-23,13.15294644,226.6728732,30,23.42091322,30,7.555762439
1105,252,237,11,2,12.16552506,226.6728732,30,23.42091322,30,7.555762439
1106,263,239,11,2,11.18033989,226.6728732,30,23.42091322,30,7.555762439
1107,275,242,12,2,12.36931688,226.6728732,30,23.42091322,30,7.555762439
1108,284,243,11,1,9.055385138,226.6728732,30,23.42091322,30,7.555762439
1109,286,244,12,3,2.236067977,226.6728732,30,23.42091322,30,7.555762439
1110,287,244,26,4,1,226.6728732,30,23.42091322,30,7.555762439
1111,None,None,None,None,None,226.6728732,30,23.42091322,30,7.555762439
1112,127,223,12,2,161.3722405,226.6728732,30,23.42091322,30,7.555762439
1113,135,224,13,2,8.062257748,226.6728732,30,23.42091322,30,7.555762439
1114,145,225,12,2,10.04987562,226.6728732,30,23.42091322,30,7.555762439
1115,156,227,12,2,11.18033989,226.6728732,30,23.42091322,30,7.555762439
1116,168,229,11,3,12.16552506,226.6728732,30,23.42091322,30,7.555762439
1117,180,232,8,2,12.36931688,226.6728732,30,23.42091322,30,7.555762439
1118,206,237,3,0,26.47640459,226.6728732,30,23.42091322,30,7.555762439
1119,218,238,-7,-3,12.04159458,226.6728732,30,23.42091322,30,7.555762439
1120,231,240,-150,-19,13.15294644,226.6728732,30,23.42091322,30,7.555762439
1121,244,242,6,1,13.15294644,226.6728732,30,23.42091322,30,7.555762439
1122,256,245,10,2,12.36931688,226.6728732,30,23.42091322,30,7.555762439
1123,267,247,13,2,11.18033989,226.6728732,30,23.42091322,30,7.555762439
1124,278,249,23,5,11.18033989,226.6728732,30,23.42091322,30,7.555762439
1125,284,250,13,1,6.08276253,226.6728732,30,23.42091322,30,7.555762439
1126,286,251,12,2,2.236067977,226.6728732,30,23.42091322,30,7.555762439
1127,None,None,None,None,None,226.6728732,30,23.42091322,30,7.555762439
1128,None,None,None,None,None,226.6728732,30,23.42091322,30,7.555762439
1129,129,230,12,2,158.3982323,226.6728732,30,23.42091322,30,7.555762439
1130,137,230,12,2,8,226.6728732,30,23.42091322,30,7.555762439
1131,149,233,22,4,12.36931688,226.6728732,30,23.42091322,30,7.555762439
1132,161,235,6,1,12.16552506,226.6728732,30,23.42091322,30,7.555762439
1133,172,237,1,0,11.18033989,226.6728732,30,23.42091322,30,7.555762439
1134,198,241,1,1,26.30589288,226.6728732,30,23.42091322,30,7.555762439
1135,210,243,-158,-26,12.16552506,226.6728732,30,23.42091322,30,7.555762439
1136,222,245,22,3,12.16552506,226.6728732,30,23.42091322,30,7.555762439
1137,235,247,12,2,13.15294644,226.6728732,30,23.42091322,30,7.555762439
1138,248,250,11,2,13.34166406,226.6728732,30,23.42091322,30,7.555762439
1139,259,252,13,2,11.18033989,226.6728732,30,23.42091322,30,7.555762439
1140,271,254,12,2,12.16552506,226.6728732,30,23.42091322,30,7.555762439
1141,280,256,13,3,9.219544457,226.6728732,30,23.42091322,30,7.555762439
1142,284,257,12,1,4.123105626,226.6728732,30,23.42091322,30,7.555762439
1143,286,257,13,3,2,226.6728732,30,23.42091322,30,7.555762439
1144,None,None,None,None,None,226.6728732,30,23.42091322,30,7.555762439
1145,119,234,11,2,168.5763922,226.6728732,30,23.42091322,30,7.555762439
1146,130,236,10,1,11.18033989,226.6728732,30,23.42091322,30,7.555762439
1147,141,238,3,1,11.18033989,226.6728732,30,23.42091322,30,7.555762439
1148,153,240,1,0,12.16552506,226.6728732,30,23.42091322,30,7.555762439
1149,164,241,1,0,11.04536102,226.6728732,30,23.42091322,30,7.555762439
1150,176,244,-166,-27,12.36931688,226.6728732,30,23.42091322,30,7.555762439
1151,202,248,12,2,26.30589288,226.6728732,30,23.42091322,30,7.555762439
1152,214,250,22,3,12.16552506,226.6728732,30,23.42091322,30,7.555762439
1153,226,252,11,2,12.16552506,226.6728732,30,23.42091322,30,7.555762439
1154,239,254,13,3,13.15294644,226.6728732,30,23.42091322,30,7.555762439
1155,251,256,12,2,12.16552506,226.6728732,30,23.42091322,30,7.555762439
1156,263,258,13,2,12.16552506,226.6728732,30,23.42091322,30,7.555762439
1157,274,261,13,2,11.40175425,226.6728732,30,23.42091322,30,7.555762439
1158,282,263,12,2,8.246211251,226.6728732,30,23.42091322,30,7.555762439
1159,285,263,12,2,3,226.6728732,30,23.42091322,30,7.555762439
1160,278,260,24,4,7.615773106,226.6728732,30,23.42091322,30,7.555762439
1161,None,None,None,None,None,226.6728732,30,23.42091322,30,7.555762439
1162,128,241,8,1,151.198545,226.6728732,30,23.42091322,30,7.555762439
1163,134,242,1,0,6.08276253,226.6728732,30,23.42091322,30,7.555762439
1164,144,244,1,1,10.19803903,226.6728732,30,23.42091322,30,7.555762439
1165,157,246,0,1,13.15294644,226.6728732,30,23.42091322,30,7.555762439
1166,180,251,-155,-28,23.53720459,226.6728732,30,23.42091322,30,7.555762439
1167,193,252,16,3,13.03840481,226.6728732,30,23.42091322,30,7.555762439
1168,205,254,12,3,12.16552506,226.6728732,30,23.42091322,30,7.555762439
1169,218,257,12,2,13.34166406,226.6728732,30,23.42091322,30,7.555762439
1170,231,259,12,2,13.15294644,226.6728732,30,23.42091322,30,7.555762439
1171,243,261,13,2,12.16552506,226.6728732,30,23.42091322,30,7.555762439
1172,255,263,12,2,12.16552506,226.6728732,30,23.42091322,30,7.555762439
1173,277,267,13,2,22.36067977,226.6728732,30,23.42091322,30,7.555762439
1174,283,268,13,2,6.08276253,226.6728732,30,23.42091322,30,7.555762439
1175,284,268,24,4,1,226.6728732,30,23.42091322,30,7.555762439
1176,285,269,11,2,1.414213562,226.6728732,30,23.42091322,30,7.555762439
1177,None,None,None,None,None,226.6728732,30,23.42091322,30,7.555762439
1178,None,None,None,None,None,226.6728732,30,23.42091322,30,7.555762439
1179,127,243,1,0,160.1249512,226.6728732,30,23.42091322,30,7.555762439
1180,149,246,-157,-26,22.20360331,226.6728732,30,23.42091322,30,7.555762439
1181,161,248,11,2,12.16552506,226.6728732,30,23.42091322,30,7.555762439
1182,172,250,12,2,11.18033989,226.6728732,30,23.42091322,30,7.555762439
1183,185,252,11,2,13.15294644,226.6728732,30,23.42091322,30,7.555762439
1184,197,254,12,2,12.16552506,226.6728732,30,23.42091322,30,7.555762439
1185,210,257,13,1,13.34166406,226.6728732,30,23.42091322,30,7.555762439
1186,222,258,24,5,12.04159458,226.6728732,30,23.42091322,30,7.555762439
1187,235,261,13,2,13.34166406,226.6728732,30,23.42091322,30,7.555762439
1188,259,265,13,2,24.33105012,226.6728732,30,23.42091322,30,7.555762439
1189,270,267,12,2,11.18033989,226.6728732,30,23.42091322,30,7.555762439
1190,280,268,12,2,10.04987562,226.6728732,30,23.42091322,30,7.555762439
1191,283,269,11,2,3.16227766,226.6728732,30,23.42091322,30,7.555762439
1192,284,269,9,2,1,226.6728732,30,23.42091322,30,7.555762439
1193,285,269,3,0,1,226.6728732,30,23.42091322,30,7.555762439
1194,None,None,None,None,None,226.6728732,30,23.42091322,30,7.555762439
1195,119,242,-163,-27,168.1814496,226.6728732,30,23.42091322,30,7.555762439
1196,131,244,11,2,12.16552506,226.6728732,30,23.42091322,30,7.555762439
1197,153,247,10,2,22.20360331,226.6728732,30,23.42091322,30,7.555762439
1198,164,249,12,1,11.18033989,226.6728732,30,23.42091322,30,7.555762439
1199,177,252,24,5,13.34166406,226.6728732,30,23.42091322,30,7.555762439
1200,189,254,12,2,12.16552506,226.6728732,30,23.42091322,30,7.555762439
1201,202,256,13,2,13.15294644,226.6728732,30,23.42091322,30,7.555762439
1202,215,258,25,4,13.15294644,226.6728732,30,23.42091322,30,7.555762439
1203,227,260,12,2,12.16552506,226.6728732,30,23.42091322,30,7.555762439
1204,239,262,12,2,12.16552506,226.6728732,30,23.42091322,30,7.555762439
1205,263,266,12,2,24.33105012,226.6728732,30,23.42091322,30,7.555762439
1206,274,268,10,2,11.18033989,226.6728732,30,23.42091322,30,7.555762439
1207,282,269,8,1,8.062257748,226.6728732,30,23.42091322,30,7.555762439
1208,283,269,2,1,1,226.6728732,30,23.42091322,30,7.555762439
1209,284,270,-155,-27,1.414213562,226.6728732,30,23.42091322,30,7.555762439
1210,284,271,6,1,1,226.6728732,30,23.42091322,30,7.555762439
1211,None,None,None,None,None,226.6728732,30,23.42091322,30,7.555762439
1212,129,243,12,3,157.5087299,226.6728732,30,23.42091322,30,7.555762439
1213,145,246,11,1,16.2788206,226.6728732,30,23.42091322,30,7.555762439
1214,157,249,25,4,12.36931688,226.6728732,30,23.42091322,30,7.555762439
1215,169,251,13,3,12.16552506,226.6728732,30,23.42091322,30,7.555762439
1216,181,253,13,2,12.16552506,226.6728732,30,23.42091322,30,7.555762439
1217,194,255,12,2,13.15294644,226.6728732,30,23.42091322,30,7.555762439
1218,206,257,12,2,12.16552506,226.6728732,30,23.42091322,30,7.555762439
1219,219,259,12,2,13.15294644,226.6728732,30,23.42091322,30,7.555762439
1220,232,261,12,2,13.15294644,226.6728732,30,23.42091322,30,7.555762439
1221,256,265,10,1,24.33105012,226.6728732,30,23.42091322,30,7.555762439
1222,267,267,5,1,11.18033989,226.6728732,30,23.42091322,30,7.555762439
1223,278,269,1,1,11.18033989,226.6728732,30,23.42091322,30,7.555762439
1224,283,270,-5,-5,5.099019514,226.6728732,30,23.42091322,30,7.555762439
1225,284,270,-62,-85,1,226.6728732,30,23.42091322,30,7.555762439
1226,None,None,None,None,None,226.6728732,30,23.42091322,30,7.555762439
1227,None,None,None,None,None,226.6728732,30,23.42091322,30,7.555762439
1228,127,244,-1,-1,159.1383046,226.6728732,30,23.42091322,30,7.555762439
1229,138,246,0,0,11.18033989,226.6728732,30,23.42091322,30,7.555762439
1230,150,248,-1,-1,12.16552506,226.6728732,30,23.42091322,30,7.555762439
1231,161,250,0,-1,11.18033989,226.6728732,30,23.42091322,30,7.555762439
1232,173,252,0,0,12.16552506,226.6728732,30,23.42091322,30,7.555762439
1233,186,253,0,0,13.03840481,226.6728732,30,23.42091322,30,7.555762439
1234,210,258,0,-1,24.51530134,226.6728732,30,23.42091322,30,7.555762439
1235,223,260,0,0,13.15294644,226.6728732,30,23.42091322,30,7.555762439
1236,236,262,0,0,13.15294644,226.6728732,30,23.42091322,30,7.555762439
1237,248,264,0,-1,12.16552506,226.6728732,30,23.42091322,30,7.555762439
1238,260,266,0,0,12.16552506,226.6728732,30,23.42091322,30,7.555762439
1239,271,268,0,0,11.18033989,226.6728732,30,23.42091322,30,7.555762439
1240,280,270,0,0,9.219544457,226.6728732,30,23.42091322,30,7.555762439
1241,283,270,0,0,3,226.6728732,30,23.42091322,30,7.555762439
1242,284,270,0,-1,1,226.6728732,30,23.42091322,30,7.555762439
1243,None,None,None,None,None,226.6728732,30,23.42091322,30,7.555762439
1244,121,243,1,0,165.221064,226.6728732,30,23.42091322,30,7.555762439
1245,132,245,-1,0,11.18033989,226.6728732,30,23.42091322,30,7.555762439
1246,142,247,0,0,10.19803903,226.6728732,30,23.42091322,30,7.555762439
1247,154,248,0,0,12.04159458,226.6728732,30,23.42091322,30,7.555762439
1248,178,253,0,-1,24.51530134,226.6728732,30,23.42091322,30,7.555762439
1249,190,255,0,0,12.16552506,226.6728732,30,23.42091322,30,7.555762439
1250,203,257,0,0,13.15294644,226.6728732,30,23.42091322,30,7.555762439
1251,228,261,0,0,25.3179778,226.6728732,30,23.42091322,30,7.555762439
1252,240,263,0,0,12.16552506,226.6728732,30,23.42091322,30,7.555762439
1253,252,265,0,0,12.16552506,226.6728732,30,23.42091322,30,7.555762439
1254,264,267,0,0,12.16552506,226.6728732,30,23.42091322,30,7.555762439
1255,274,269,0,0,10.19803903,226.6728732,30,23.42091322,30,7.555762439
1256,282,270,0,0,8.062257748,226.6728732,30,23.42091322,30,7.555762439
1257,284,271,0,0,2.236067977,226.6728732,30,23.42091322,30,7.555762439
1258,None,None,None,None,None,226.6728732,30,23.42091322,30,7.555762439
1259,None,None,None,None,None,226.6728732,30,23.42091322,30,7.555762439
1260,129,244,0,0,157.3340395,226.6728732,30,23.42091322,30,7.555762439
1261,135,245,0,0,6.08276253,226.6728732,30,23.42091322,30,7.555762439
1262,146,247,0,0,11.18033989,226.6728732,30,23.42091322,30,7.555762439
1263,158,250,0,0,12.36931688,226.6728732,30,23.42091322,30,7.555762439
1264,169,251,0,0,11.04536102,226.6728732,30,23.42091322,30,7.555762439
1265,194,255,0,0,25.3179778,226.6728732,30,23.42091322,30,7.555762439
1266,207,258,0,0,13.34166406,226.6728732,30,23.42091322,30,7.555762439
1267,220,260,0,0,13.15294644,226.6728732,30,23.42091322,30,7.555762439
1268,232,262,0,0,12.16552506,226.6728732,30,23.42091322,30,7.555762439
1269,244,264,0,-1,12.16552506,226.6728732,30,23.42091322,30,7.555762439
1270,256,266,0,1,12.16552506,226.6728732,30,23.42091322,30,7.555762439
1271,268,268,0,-1,12.16552506,226.6728732,30,23.42091322,30,7.555762439
1272,278,269,0,0,10.04987562,226.6728732,30,23.42091322,30,7.555762439
1273,283,270,0,0,5.099019514,226.6728732,30,23.42091322,30,7.555762439
1274,284,271,0,0,1.414213562,226.6728732,30,23.42091322,30,7.555762439
1275,279,266,0,0,7.071067812,226.6728732,30,23.42091322,30,7.555762439
1276,None,None,None,None,None,226.6728732,30,23.42091322,30,7.555762439
1277,217,181,0,0,105.2093152,226.6728732,30,23.42091322,30,7.555762439
1278,217,178,0,0,3,226.6728732,30,23.42091322,30,7.555762439
1279,216,176,0,0,2.236067977,226.6728732,30,23.42091322,30,7.555762439
1280,215,175,0,0,1.414213562,226.6728732,30,23.42091322,30,7.555762439
1281,215,175,0,0,0,226.6728732,30,23.42091322,30,7.555762439
1282,214,174,0,0,1.414213562,226.6728732,30,23.42091322,30,7.555762439
1283,214,173,0,0,1,226.6728732,30,23.42091322,30,7.555762439
1284,214,173,0,0,0,226.6728732,30,23.42091322,30,7.555762439
1285,214,173,0,0,0,226.6728732,30,23.42091322,30,7.555762439
1286,214,172,0,0,1,226.6728732,30,23.42091322,30,7.555762439
1287,214,172,0,0,0,226.6728732,30,23.42091322,30,7.555762439
1288,214,172,0,0,0,226.6728732,30,23.42091322,30,7.555762439
1289,214,171,0,0,1,226.6728732,30,23.42091322,30,7.555762439
1290,214,171,0,-1,0,226.6728732,30,23.42091322,30,7.555762439
1291,214,171,0,0,0,226.6728732,30,23.42091322,30,7.555762439
1292,214,171,0,0,0,226.6728732,30,23.42091322,30,7.555762439
1293,214,171,0,0,0,226.6728732,30,23.42091322,30,7.555762439
1294,214,170,0,0,1,226.6728732,30,23.42091322,30,7.555762439
1295,213,170,0,0,1,226.6728732,30,23.42091322,30,7.555762439
1296,214,170,0,0,1,226.6728732,30,23.42091322,30,7.555762439
1297,213,170,0,0,1,226.6728732,30,23.42091322,30,7.555762439
1298,213,170,0,0,0,226.6728732,30,23.42091322,30,7.555762439
1299,213,170,0,0,0,226.6728732,30,23.42091322,30,7.555762439
1300,213,169,0,0,1,226.6728732,30,23.42091322,30,7.555762439
1301,213,169,0,0,0,226.6728732,30,23.42091322,30,7.555762439
1302,213,169,0,0,0,226.6728732,30,23.42091322,30,7.555762439
1303,213,169,0,0,0,226.6728732,30,23.42091322,30,7.555762439
1304,213,169,0,0,0,226.6728732,30,23.42091322,30,7.555762439
1305,213,169,0,0,0,226.6728732,30,23.42091322,30,7.555762439
1306,213,169,0,0,0,226.6728732,30,23.42091322,30,7.555762439
1307,213,169,0,0,0,226.6728732,30,23.42091322,30,7.555762439
1308,213,169,0,0,0,226.6728732,30,23.42091322,30,7.555762439
1309,213,169,0,0,0,226.6728732,30,23.42091322,30,7.555762439
1310,213,168,0,0,1,226.6728732,30,23.42091322,30,7.555762439
1311,213,168,0,0,0,226.6728732,30,23.42091322,30,7.555762439
1312,213,168,0,0,0,226.6728732,30,23.42091322,30,7.555762439
1313,213,168,0,0,0,226.6728732,30,23.42091322,30,7.555762439
1314,213,168,0,0,0,226.6728732,30,23.42091322,30,7.555762439
1315,213,168,0,0,0,226.6728732,30,23.42091322,30,7.555762439
1316,213,168,0,0,0,226.6728732,30,23.42091322,30,7.555762439
1317,213,168,0,0,0,226.6728732,30,23.42091322,30,7.555762439
1318,213,168,0,0,0,226.6728732,30,23.42091322,30,7.555762439
1319,213,168,0,0,0,226.6728732,30,23.42091322,30,7.555762439
1320,213,168,0,-1,0,226.6728732,30,23.42091322,30,7.555762439
1321,213,167,0,0,1,226.6728732,30,23.42091322,30,7.555762439
1322,213,168,0,0,1,226.6728732,30,23.42091322,30,7.555762439
1323,213,167,0,0,1,226.6728732,30,23.42091322,30,7.555762439
1324,213,167,0,0,0,226.6728732,30,23.42091322,30,7.555762439
1325,213,167,0,0,0,226.6728732,30,23.42091322,30,7.555762439
1326,213,167,0,0,0,226.6728732,30,23.42091322,30,7.555762439
1327,213,167,0,0,0,226.6728732,30,23.42091322,30,7.555762439
1328,213,167,0,0,0,226.6728732,30,23.42091322,30,7.555762439
1329,213,167,0,0,0,226.6728732,30,23.42091322,30,7.555762439
1330,213,167,0,0,0,226.6728732,30,23.42091322,30,7.555762439
1331,213,167,0,0,0,226.6728732,30,23.42091322,30,7.555762439
1332,213,167,0,0,0,226.6728732,30,23.42091322,30,7.555762439
1333,213,167,0,0,0,226.6728732,30,23.42091322,30,7.555762439
1334,213,167,0,0,0,226.6728732,30,23.42091322,30,7.555762439
1335,213,167,0,0,0,226.6728732,30,23.42091322,30,7.555762439
1336,213,167,0,0,0,226.6728732,30,23.42091322,30,7.555762439
1337,213,167,0,0,0,226.6728732,30,23.42091322,30,7.555762439
1338,213,167,0,0,0,226.6728732,30,23.42091322,30,7.555762439
1339,213,167,0,0,0,226.6728732,30,23.42091322,30,7.555762439
1340,213,167,0,0,0,226.6728732,30,23.42091322,30,7.555762439
1341,213,167,0,0,0,226.6728732,30,23.42091322,30,7.555762439
1342,213,166,0,0,1,226.6728732,30,23.42091322,30,7.555762439
1343,213,166,0,0,0,226.6728732,30,23.42091322,30,7.555762439
1344,213,166,0,0,0,226.6728732,30,23.42091322,30,7.555762439
1345,213,166,0,0,0,226.6728732,30,23.42091322,30,7.555762439
1346,213,166,0,0,0,226.6728732,30,23.42091322,30,7.555762439
1347,213,166,0,0,0,226.6728732,30,23.42091322,30,7.555762439
1348,213,166,0,0,0,226.6728732,30,23.42091322,30,7.555762439
1349,213,166,0,0,0,226.6728732,30,23.42091322,30,7.555762439
1350,213,166,0,0,0,226.6728732,30,23.42091322,30,7.555762439
1351,213,166,0,0,0,226.6728732,30,23.42091322,30,7.555762439
1352,213,166,0,0,0,226.6728732,30,23.42091322,30,7.555762439
1353,213,166,0,0,0,226.6728732,30,23.42091322,30,7.555762439
1354,213,166,0,0,0,226.6728732,30,23.42091322,30,7.555762439
1355,213,166,0,0,0,226.6728732,30,23.42091322,30,7.555762439
1356,213,166,0,0,0,226.6728732,30,23.42091322,30,7.555762439
1357,213,166,0,0,0,226.6728732,30,23.42091322,30,7.555762439
1358,213,166,0,0,0,226.6728732,30,23.42091322,30,7.555762439
1359,213,166,0,0,0,226.6728732,30,23.42091322,30,7.555762439
1360,213,166,0,0,0,226.6728732,30,23.42091322,30,7.555762439
1361,213,166,0,0,0,226.6728732,30,23.42091322,30,7.555762439
1362,213,166,0,0,0,226.6728732,30,23.42091322,30,7.555762439
1363,213,166,0,0,0,226.6728732,30,23.42091322,30,7.555762439
1364,213,166,0,0,0,226.6728732,30,23.42091322,30,7.555762439
1365,213,166,0,0,0,226.6728732,30,23.42091322,30,7.555762439
1366,213,166,0,0,0,226.6728732,30,23.42091322,30,7.555762439
1367,213,166,0,0,0,226.6728732,30,23.42091322,30,7.555762439
1368,213,166,0,-1,0,226.6728732,30,23.42091322,30,7.555762439
1369,213,166,0,1,0,226.6728732,30,23.42091322,30,7.555762439
1370,213,166,0,0,0,226.6728732,30,23.42091322,30,7.555762439
1371,213,166,0,0,0,226.6728732,30,23.42091322,30,7.555762439
1372,213,165,0,-1,1,226.6728732,30,23.42091322,30,7.555762439
1373,213,165,0,0,0,226.6728732,30,23.42091322,30,7.555762439
1374,213,165,0,0,0,226.6728732,30,23.42091322,30,7.555762439
1375,213,165,0,0,0,226.6728732,30,23.42091322,30,7.555762439
1376,213,165,0,0,0,226.6728732,30,23.42091322,30,7.555762439
1377,213,165,0,0,0,226.6728732,30,23.42091322,30,7.555762439
1378,213,165,0,0,0,226.6728732,30,23.42091322,30,7.555762439
1379,213,165,0,0,0,226.6728732,30,23.42091322,30,7.555762439
1380,213,165,0,0,0,226.6728732,30,23.42091322,30,7.555762439
1381,213,165,0,0,0,226.6728732,30,23.42091322,30,7.555762439
1382,213,165,0,0,0,226.6728732,30,23.42091322,30,7.555762439
1383,213,165,0,0,0,226.6728732,30,23.42091322,30,7.555762439
1384,213,165,0,0,0,226.6728732,30,23.42091322,30,7.555762439
1385,213,165,0,0,0,226.6728732,30,23.42091322,30,7.555762439
1386,213,165,0,0,0,226.6728732,30,23.42091322,30,7.555762439
1387,213,165,0,0,0,226.6728732,30,23.42091322,30,7.555762439
1388,213,165,0,0,0,226.6728732,30,23.42091322,30,7.555762439
1389,213,165,0,0,0,226.6728732,30,23.42091322,30,7.555762439
1390,213,165,0,0,0,226.6728732,30,23.42091322,30,7.555762439
1391,213,165,0,0,0,226.6728732,30,23.42091322,30,7.555762439
1392,213,165,0,0,0,226.6728732,30,23.42091322,30,7.555762439
1393,213,165,0,0,0,226.6728732,30,23.42091322,30,7.555762439
1394,213,165,0,0,0,226.6728732,30,23.42091322,30,7.555762439
1395,213,165,0,0,0,226.6728732,30,23.42091322,30,7.555762439
1396,213,165,0,0,0,226.6728732,30,23.42091322,30,7.555762439
1397,213,165,0,0,0,226.6728732,30,23.42091322,30,7.555762439
1398,213,165,0,0,0,226.6728732,30,23.42091322,30,7.555762439
1399,213,165,0,0,0,226.6728732,30,23.42091322,30,7.555762439
1400,213,165,0,0,0,226.6728732,30,23.42091322,30,7.555762439
1401,213,165,0,0,0,226.6728732,30,23.42091322,30,7.555762439
1402,213,165,0,0,0,226.6728732,30,23.42091322,30,7.555762439
1403,213,165,0,0,0,226.6728732,30,23.42091322,30,7.555762439
1404,213,165,0,0,0,226.6728732,30,23.42091322,30,7.555762439
1405,213,165,0,0,0,226.6728732,30,23.42091322,30,7.555762439
1406,213,165,0,0,0,226.6728732,30,23.42091322,30,7.555762439
1407,213,165,0,0,0,226.6728732,30,23.42091322,30,7.555762439
1408,213,165,0,0,0,226.6728732,30,23.42091322,30,7.555762439
1409,213,165,0,0,0,226.6728732,30,23.42091322,30,7.555762439
1410,213,165,0,0,0,226.6728732,30,23.42091322,30,7.555762439
1411,213,165,0,0,0,226.6728732,30,23.42091322,30,7.555762439
1412,213,165,0,0,0,226.6728732,30,23.42091322,30,7.555762439
1413,213,165,0,0,0,226.6728732,30,23.42091322,30,7.555762439
1414,213,165,0,0,0,226.6728732,30,23.42091322,30,7.555762439
1415,213,165,0,0,0,226.6728732,30,23.42091322,30,7.555762439
1416,213,165,0,0,0,226.6728732,30,23.42091322,30,7.555762439
1417,213,165,0,0,0,226.6728732,30,23.42091322,30,7.555762439
1418,213,165,0,0,0,226.6728732,30,23.42091322,30,7.555762439
1419,213,165,0,0,0,226.6728732,30,23.42091322,30,7.555762439
1420,213,164,0,0,1,226.6728732,30,23.42091322,30,7.555762439
1421,213,165,0,0,1,226.6728732,30,23.42091322,30,7.555762439
1422,213,165,0,0,0,226.6728732,30,23.42091322,30,7.555762439
1423,213,165,0,0,0,226.6728732,30,23.42091322,30,7.555762439
1424,213,164,0,0,1,226.6728732,30,23.42091322,30,7.555762439
1425,213,164,0,0,0,226.6728732,30,23.42091322,30,7.555762439
1426,213,164,0,0,0,226.6728732,30,23.42091322,30,7.555762439
1427,213,164,0,0,0,226.6728732,30,23.42091322,30,7.555762439
1428,213,164,0,0,0,226.6728732,30,23.42091322,30,7.555762439
1429,213,164,0,0,0,226.6728732,30,23.42091322,30,7.555762439
1430,213,164,0,0,0,226.6728732,30,23.42091322,30,7.555762439
1431,213,164,0,0,0,226.6728732,30,23.42091322,30,7.555762439
1432,213,164,0,0,0,226.6728732,30,23.42091322,30,7.555762439
1433,213,164,0,0,0,226.6728732,30,23.42091322,30,7.555762439
1434,213,164,0,0,0,226.6728732,30,23.42091322,30,7.555762439
1435,213,164,0,0,0,226.6728732,30,23.42091322,30,7.555762439
1436,213,164,0,0,0,226.6728732,30,23.42091322,30,7.555762439
